transaction_id,scenario_run_id,is_fraud,fraud_family,confounder_family,scenario_severity
TX00000001,run-42,False,,,none
TX00000002,run-42,False,,,none
TX00000003,run-42,False,,,none
TX00000004,run-42,False,,,none
TX00000005,run-42,False,,,none
TX00000006,run-42,False,,,none
TX00000007,run-42,False,,,none
TX00000008,run-42,False,,,none
TX00000009,run-42,False,,,none
TX00000010,run-42,False,,,none
TX00000011,run-42,False,,,none
TX00000012,run-42,False,,,none
TX00000013,run-42,False,,,none
TX00000014,run-42,False,,,none
TX00000015,run-42,False,,,none
TX00000016,run-42,False,,,none
TX00000017,run-42,False,,,none
TX00000018,run-42,False,,,none
TX00000019,run-42,False,,,none
TX00000020,run-42,False,,,none
TX00000021,run-42,False,,,none
TX00000022,run-42,False,,,none
TX00000023,run-42,False,,,none
TX00000024,run-42,False,,,none
TX00000025,run-42,False,,,none
TX00000026,run-42,False,,,none
TX00000027,run-42,False,,,none
TX00000028,run-42,False,,,none
TX00000029,run-42,False,,,none
TX00000030,run-42,False,,,none
TX00000031,run-42,False,,,none
TX00000032,run-42,False,,,none
TX00000033,run-42,False,,,none
TX00000034,run-42,False,,,none
TX00000035,run-42,False,,,none
TX00000036,run-42,False,,,none
TX00000037,run-42,False,,,none
TX00000038,run-42,False,,,none
TX00000039,run-42,False,,,none
TX00000040,run-42,False,,,none
TX00000041,run-42,False,,,none
TX00000042,run-42,False,,,none
TX00000043,run-42,False,,,none
TX00000044,run-42,False,,,none
TX00000045,run-42,False,,,none
TX00000046,run-42,False,,,none
TX00000047,run-42,False,,,none
TX00000048,run-42,False,,,none
TX00000049,run-42,False,,,none
TX00000050,run-42,False,,,none
TX00000051,run-42,False,,,none
TX00000052,run-42,False,,,none
TX00000053,run-42,False,,,none
TX00000054,run-42,False,,,none
TX00000055,run-42,False,,,none
TX00000056,run-42,False,,,none
TX00000057,run-42,False,,,none
TX00000058,run-42,False,,,none
TX00000059,run-42,False,,,none
TX00000060,run-42,False,,,none
TX00000061,run-42,False,,,none
TX00000062,run-42,False,,,none
TX00000063,run-42,False,,,none
TX00000064,run-42,False,,,none
TX00000065,run-42,False,,,none
TX00000066,run-42,False,,,none
TX00000067,run-42,False,,,none
TX00000068,run-42,False,,,none
TX00000069,run-42,False,,,none
TX00000070,run-42,False,,,none
TX00000071,run-42,False,,,none
TX00000072,run-42,True,ato,,medium
TX00000073,run-42,False,,,none
TX00000074,run-42,False,,,none
TX00000075,run-42,False,,,none
TX00000076,run-42,False,,,none
TX00000077,run-42,False,,,none
TX00000078,run-42,False,,,none
TX00000079,run-42,False,,,none
TX00000080,run-42,False,,,none
TX00000081,run-42,False,,,none
TX00000082,run-42,False,,,none
TX00000083,run-42,False,,,none
TX00000084,run-42,False,,,none
TX00000085,run-42,False,,,none
TX00000086,run-42,False,,,none
TX00000087,run-42,False,,,none
TX00000088,run-42,False,,,none
TX00000089,run-42,False,,,none
TX00000090,run-42,False,,,none
TX00000091,run-42,False,,,none
TX00000092,run-42,False,,,none
TX00000093,run-42,False,,,none
TX00000094,run-42,False,,,none
TX00000095,run-42,False,,,none
TX00000096,run-42,False,,,none
TX00000097,run-42,False,,,none
TX00000098,run-42,False,,,none
TX00000099,run-42,False,,,none
TX00000100,run-42,False,,,none
TX00000101,run-42,False,,,none
TX00000102,run-42,False,,,none
TX00000103,run-42,False,,,none
TX00000104,run-42,False,,,none
TX00000105,run-42,False,,,none
TX00000106,run-42,False,,,none
TX00000107,run-42,False,,,none
TX00000108,run-42,False,,,none
TX00000109,run-42,False,,,none
TX00000110,run-42,False,,,none
TX00000111,run-42,False,,,none
TX00000112,run-42,False,,,none
TX00000113,run-42,False,,,none
TX00000114,run-42,False,,,none
TX00000115,run-42,False,,,none
TX00000116,run-42,False,,,none
TX00000117,run-42,False,,,none
TX00000118,run-42,False,,,none
TX00000119,run-42,False,,,none
TX00000120,run-42,False,,,none
TX00000121,run-42,False,,,none
TX00000122,run-42,False,,,none
TX00000123,run-42,False,,,none
TX00000124,run-42,False,,,none
TX00000125,run-42,False,,,none
TX00000126,run-42,False,,,none
TX00000127,run-42,False,,,none
TX00000128,run-42,False,,,none
TX00000129,run-42,False,,,none
TX00000130,run-42,False,,salary_day_spike,none
TX00000131,run-42,False,,salary_day_spike,none
TX00000132,run-42,False,,salary_day_spike,none
TX00000133,run-42,False,,salary_day_spike,none
TX00000134,run-42,False,,salary_day_spike,none
TX00000135,run-42,False,,salary_day_spike,none
TX00000136,run-42,False,,salary_day_spike,none
TX00000137,run-42,False,,salary_day_spike,none
TX00000138,run-42,False,,salary_day_spike,none
TX00000139,run-42,False,,salary_day_spike,none
TX00000140,run-42,False,,salary_day_spike,none
TX00000141,run-42,False,,salary_day_spike,none
TX00000142,run-42,False,,salary_day_spike,none
TX00000143,run-42,False,,salary_day_spike,none
TX00000144,run-42,False,,salary_day_spike,none
TX00000145,run-42,False,,salary_day_spike,none
TX00000146,run-42,False,,salary_day_spike,none
TX00000147,run-42,False,,salary_day_spike,none
TX00000148,run-42,False,,salary_day_spike,none
TX00000149,run-42,False,,salary_day_spike,none
TX00000150,run-42,False,,,none
TX00000151,run-42,False,,,none
TX00000152,run-42,False,,,none
TX00000153,run-42,False,,,none
TX00000154,run-42,False,,salary_day_spike,none
TX00000155,run-42,False,,,none
TX00000156,run-42,False,,salary_day_spike,none
TX00000157,run-42,False,,,none
TX00000158,run-42,False,,,none
TX00000159,run-42,False,,salary_day_spike,none
TX00000160,run-42,False,,salary_day_spike,none
TX00000161,run-42,False,,,none
TX00000162,run-42,False,,,none
TX00000163,run-42,False,,salary_day_spike,none
TX00000164,run-42,False,,,none
TX00000165,run-42,False,,,none
TX00000166,run-42,False,,salary_day_spike,none
TX00000167,run-42,False,,salary_day_spike,none
TX00000168,run-42,False,,,none
TX00000169,run-42,False,,salary_day_spike,none
TX00000170,run-42,False,,salary_day_spike,none
TX00000171,run-42,False,,salary_day_spike,none
TX00000172,run-42,False,,salary_day_spike,none
TX00000173,run-42,False,,salary_day_spike,none
TX00000174,run-42,False,,,none
TX00000175,run-42,False,,salary_day_spike,none
TX00000176,run-42,False,,salary_day_spike,none
TX00000177,run-42,False,,salary_day_spike,none
TX00000178,run-42,False,,,none
TX00000179,run-42,False,,,none
TX00000180,run-42,False,,salary_day_spike,none
TX00000181,run-42,False,,,none
TX00000182,run-42,False,,,none
TX00000183,run-42,False,,,none
TX00000184,run-42,False,,salary_day_spike,none
TX00000185,run-42,False,,,none
TX00000186,run-42,False,,,none
TX00000187,run-42,False,,salary_day_spike,none
TX00000188,run-42,False,,salary_day_spike,none
TX00000189,run-42,False,,salary_day_spike,none
TX00000190,run-42,False,,,none
TX00000191,run-42,False,,,none
TX00000192,run-42,False,,salary_day_spike,none
TX00000193,run-42,False,,,none
TX00000194,run-42,False,,,none
TX00000195,run-42,False,,salary_day_spike,none
TX00000196,run-42,False,,salary_day_spike,none
TX00000197,run-42,False,,,none
TX00000198,run-42,False,,,none
TX00000199,run-42,False,,,none
TX00000200,run-42,False,,salary_day_spike,none
TX00000201,run-42,False,,,none
TX00000202,run-42,False,,,none
TX00000203,run-42,False,,salary_day_spike,none
TX00000204,run-42,False,,,none
TX00000205,run-42,False,,salary_day_spike,none
TX00000206,run-42,False,,salary_day_spike,none
TX00000207,run-42,False,,salary_day_spike,none
TX00000208,run-42,False,,salary_day_spike,none
TX00000209,run-42,False,,salary_day_spike,none
TX00000210,run-42,False,,salary_day_spike,none
TX00000211,run-42,False,,salary_day_spike,none
TX00000212,run-42,False,,salary_day_spike,none
TX00000213,run-42,False,,salary_day_spike,none
TX00000214,run-42,False,,salary_day_spike,none
TX00000215,run-42,False,,salary_day_spike,none
TX00000216,run-42,False,,salary_day_spike,none
TX00000217,run-42,False,,salary_day_spike,none
TX00000218,run-42,False,,salary_day_spike,none
TX00000219,run-42,False,,salary_day_spike,none
TX00000220,run-42,False,,salary_day_spike,none
TX00000221,run-42,False,,salary_day_spike,none
TX00000222,run-42,False,,salary_day_spike,none
TX00000223,run-42,False,,salary_day_spike,none
TX00000224,run-42,False,,salary_day_spike,none
TX00000225,run-42,False,,salary_day_spike,none
TX00000226,run-42,False,,salary_day_spike,none
TX00000227,run-42,False,,,none
TX00000228,run-42,False,,,none
TX00000229,run-42,False,,salary_day_spike,none
TX00000230,run-42,False,,salary_day_spike,none
TX00000231,run-42,False,,,none
TX00000232,run-42,False,,,none
TX00000233,run-42,False,,salary_day_spike,none
TX00000234,run-42,False,,salary_day_spike,none
TX00000235,run-42,False,,,none
TX00000236,run-42,False,,salary_day_spike,none
TX00000237,run-42,True,ato,,low
TX00000238,run-42,False,,salary_day_spike,none
TX00000239,run-42,False,,salary_day_spike,none
TX00000240,run-42,False,,,none
TX00000241,run-42,False,,,none
TX00000242,run-42,False,,salary_day_spike,none
TX00000243,run-42,False,,salary_day_spike,none
TX00000244,run-42,False,,salary_day_spike,none
TX00000245,run-42,False,,,none
TX00000246,run-42,False,,,none
TX00000247,run-42,False,,salary_day_spike,none
TX00000248,run-42,False,,,none
TX00000249,run-42,False,,salary_day_spike,none
TX00000250,run-42,False,,,none
TX00000251,run-42,False,,salary_day_spike,none
TX00000252,run-42,False,,,none
TX00000253,run-42,False,,salary_day_spike,none
TX00000254,run-42,False,,salary_day_spike,none
TX00000255,run-42,False,,salary_day_spike,none
TX00000256,run-42,False,,salary_day_spike,none
TX00000257,run-42,False,,salary_day_spike,none
TX00000258,run-42,False,,,none
TX00000259,run-42,False,,salary_day_spike,none
TX00000260,run-42,False,,,none
TX00000261,run-42,False,,,none
TX00000262,run-42,False,,salary_day_spike,none
TX00000263,run-42,False,,,none
TX00000264,run-42,False,,salary_day_spike,none
TX00000265,run-42,False,,salary_day_spike,none
TX00000266,run-42,False,,,none
TX00000267,run-42,False,,salary_day_spike,none
TX00000268,run-42,False,,salary_day_spike,none
TX00000269,run-42,False,,,none
TX00000270,run-42,False,,,none
TX00000271,run-42,False,,,none
TX00000272,run-42,False,,salary_day_spike,none
TX00000273,run-42,False,,salary_day_spike,none
TX00000274,run-42,False,,,none
TX00000275,run-42,False,,salary_day_spike,none
TX00000276,run-42,False,,salary_day_spike,none
TX00000277,run-42,False,,salary_day_spike,none
TX00000278,run-42,False,,salary_day_spike,none
TX00000279,run-42,False,,salary_day_spike,none
TX00000280,run-42,False,,salary_day_spike,none
TX00000281,run-42,False,,,none
TX00000282,run-42,False,,salary_day_spike,none
TX00000283,run-42,False,,salary_day_spike,none
TX00000284,run-42,False,,,none
TX00000285,run-42,False,,salary_day_spike,none
TX00000286,run-42,False,,,none
TX00000287,run-42,False,,salary_day_spike,none
TX00000288,run-42,False,,salary_day_spike,none
TX00000289,run-42,False,,,none
TX00000290,run-42,False,,,none
TX00000291,run-42,False,,salary_day_spike,none
TX00000292,run-42,False,,,none
TX00000293,run-42,False,,,none
TX00000294,run-42,False,,salary_day_spike,none
TX00000295,run-42,False,,,none
TX00000296,run-42,False,,salary_day_spike,none
TX00000297,run-42,False,,,none
TX00000298,run-42,False,,salary_day_spike,none
TX00000299,run-42,False,,,none
TX00000300,run-42,False,,,none
TX00000301,run-42,False,,salary_day_spike,none
TX00000302,run-42,False,,salary_day_spike,none
TX00000303,run-42,False,,,none
TX00000304,run-42,False,,salary_day_spike,none
TX00000305,run-42,False,,,none
TX00000306,run-42,False,,,none
TX00000307,run-42,False,,salary_day_spike,none
TX00000308,run-42,False,,salary_day_spike,none
TX00000309,run-42,False,,salary_day_spike,none
TX00000310,run-42,False,,,none
TX00000311,run-42,False,,salary_day_spike,none
TX00000312,run-42,False,,,none
TX00000313,run-42,False,,,none
TX00000314,run-42,False,,salary_day_spike,none
TX00000315,run-42,False,,salary_day_spike,none
TX00000316,run-42,False,,salary_day_spike,none
TX00000317,run-42,False,,salary_day_spike,none
TX00000318,run-42,False,,salary_day_spike,none
TX00000319,run-42,False,,salary_day_spike,none
TX00000320,run-42,False,,salary_day_spike,none
TX00000321,run-42,False,,salary_day_spike,none
TX00000322,run-42,False,,salary_day_spike,none
TX00000323,run-42,False,,salary_day_spike,none
TX00000324,run-42,False,,salary_day_spike,none
TX00000325,run-42,False,,salary_day_spike,none
TX00000326,run-42,False,,salary_day_spike,none
TX00000327,run-42,False,,salary_day_spike,none
TX00000328,run-42,False,,salary_day_spike,none
TX00000329,run-42,False,,salary_day_spike,none
TX00000330,run-42,False,,salary_day_spike,none
TX00000331,run-42,False,,salary_day_spike,none
TX00000332,run-42,False,,salary_day_spike,none
TX00000333,run-42,False,,salary_day_spike,none
TX00000334,run-42,False,,salary_day_spike,none
TX00000335,run-42,False,,salary_day_spike,none
TX00000336,run-42,False,,salary_day_spike,none
TX00000337,run-42,False,,salary_day_spike,none
TX00000338,run-42,True,ato,,medium
TX00000339,run-42,False,,salary_day_spike,none
TX00000340,run-42,False,,salary_day_spike,none
TX00000341,run-42,False,,salary_day_spike,none
TX00000342,run-42,False,,salary_day_spike,none
TX00000343,run-42,False,,,none
TX00000344,run-42,False,,salary_day_spike,none
TX00000345,run-42,False,,salary_day_spike,none
TX00000346,run-42,False,,salary_day_spike,none
TX00000347,run-42,False,,salary_day_spike,none
TX00000348,run-42,False,,salary_day_spike,none
TX00000349,run-42,False,,,none
TX00000350,run-42,True,ato,,high
TX00000351,run-42,False,,,none
TX00000352,run-42,False,,,none
TX00000353,run-42,False,,,none
TX00000354,run-42,False,,salary_day_spike,none
TX00000355,run-42,False,,salary_day_spike,none
TX00000356,run-42,False,,salary_day_spike,none
TX00000357,run-42,False,,salary_day_spike,none
TX00000358,run-42,False,,,none
TX00000359,run-42,False,,,none
TX00000360,run-42,False,,,none
TX00000361,run-42,False,,,none
TX00000362,run-42,False,,salary_day_spike,none
TX00000363,run-42,False,,salary_day_spike,none
TX00000364,run-42,False,,,none
TX00000365,run-42,False,,salary_day_spike,none
TX00000366,run-42,False,,,none
TX00000367,run-42,False,,salary_day_spike,none
TX00000368,run-42,False,,salary_day_spike,none
TX00000369,run-42,False,,salary_day_spike,none
TX00000370,run-42,False,,salary_day_spike,none
TX00000371,run-42,False,,salary_day_spike,none
TX00000372,run-42,False,,salary_day_spike,none
TX00000373,run-42,False,,salary_day_spike,none
TX00000374,run-42,False,,salary_day_spike,none
TX00000375,run-42,False,,salary_day_spike,none
TX00000376,run-42,False,,salary_day_spike,none
TX00000377,run-42,False,,,none
TX00000378,run-42,False,,salary_day_spike,none
TX00000379,run-42,False,,salary_day_spike,none
TX00000380,run-42,False,,salary_day_spike,none
TX00000381,run-42,False,,,none
TX00000382,run-42,False,,salary_day_spike,none
TX00000383,run-42,False,,salary_day_spike,none
TX00000384,run-42,False,,salary_day_spike,none
TX00000385,run-42,True,ato,,medium
TX00000386,run-42,False,,salary_day_spike,none
TX00000387,run-42,False,,salary_day_spike,none
TX00000388,run-42,False,,,none
TX00000389,run-42,False,,salary_day_spike,none
TX00000390,run-42,False,,,none
TX00000391,run-42,False,,salary_day_spike,none
TX00000392,run-42,False,,salary_day_spike,none
TX00000393,run-42,False,,salary_day_spike,none
TX00000394,run-42,False,,salary_day_spike,none
TX00000395,run-42,False,,,none
TX00000396,run-42,False,,,none
TX00000397,run-42,False,,salary_day_spike,none
TX00000398,run-42,False,,,none
TX00000399,run-42,False,,salary_day_spike,none
TX00000400,run-42,False,,salary_day_spike,none
