id,sender_id,receiver_id,amount_poisha,type,timestamp,device_id,location,status,scenario_run_id
TX00000001,C000041,A0016,245000,cash_out,2025-12-31 18:07:31+00:00,D000080,sylhet.zindabazar,completed,run-42
TX00000002,C000182,A0022,175000,cash_out,2025-12-31 18:07:56+00:00,D000249,chattogram.halishahar,completed,run-42
TX00000003,C000466,M0030,8300,mobile_recharge,2025-12-31 18:16:09+00:00,D000595,dhaka.mirpur,completed,run-42
TX00000004,C000978,A0024,310000,cash_out,2025-12-31 18:16:50+00:00,D001208,mymensingh.kewatkhali,completed,run-42
TX00000005,C000978,A0002,294000,cash_out,2025-12-31 18:17:34+00:00,D001208,mymensingh.charpara,completed,run-42
TX00000006,C000978,C000441,50000,send_money,2025-12-31 18:18:40+00:00,D001208,mymensingh.ganginarpar,completed,run-42
TX00000007,C000978,A0002,265000,cash_out,2025-12-31 18:22:11+00:00,D001208,mymensingh.ganginarpar,completed,run-42
TX00000008,C000355,M0014,4000,mobile_recharge,2025-12-31 18:23:36+00:00,D000463,khulna.sonadanga,completed,run-42
TX00000009,C000503,C000349,372300,send_money,2025-12-31 18:27:01+00:00,D000639,dhaka.dhanmondi,completed,run-42
TX00000010,C000162,M0016,70000,merchant_payment,2025-12-31 18:29:47+00:00,D000224,rangpur.jahaj-company,completed,run-42
TX00000011,A0008,C000795,605000,cash_in,2025-12-31 18:32:04+00:00,D000008,rajshahi.shaheb-bazar,completed,run-42
TX00000012,C000116,M0025,20000,merchant_payment,2025-12-31 18:32:12+00:00,D000169,barishal.natun-bazar,completed,run-42
TX00000013,C000584,C000163,175000,send_money,2025-12-31 18:39:07+00:00,D000735,chattogram.agrabad,completed,run-42
TX00000014,C000767,C000071,110000,send_money,2025-12-31 18:43:43+00:00,D000960,rangpur.darshana,completed,run-42
TX00000015,C000059,A0029,891200,cash_out,2025-12-31 18:46:03+00:00,D000102,khulna.khalishpur,completed,run-42
TX00000016,C000015,A0016,117800,cash_out,2025-12-31 18:46:55+00:00,D000049,barishal.rupatali,completed,run-42
TX00000017,C000978,M0017,49400,merchant_payment,2025-12-31 18:47:16+00:00,D001208,mymensingh.kewatkhali,completed,run-42
TX00000018,C000059,C000494,20000,send_money,2025-12-31 18:47:41+00:00,D000102,khulna.sonadanga,completed,run-42
TX00000019,C000914,A0011,367000,cash_out,2025-12-31 18:49:35+00:00,D001135,rajshahi.motihar,failed,run-42
TX00000020,C000136,M0042,310000,bill_payment,2025-12-31 18:54:42+00:00,D000193,sylhet.south-surma,failed,run-42
TX00000021,C000978,C000128,22000,send_money,2025-12-31 18:56:02+00:00,D001208,mymensingh.ganginarpar,completed,run-42
TX00000022,C000843,M0033,25000,mobile_recharge,2025-12-31 19:08:49+00:00,D001047,dhaka.uttara,completed,run-42
TX00000023,C000779,M0025,25000,merchant_payment,2025-12-31 19:10:50+00:00,D000975,dhaka.uttara,completed,run-42
TX00000024,C000225,M0037,40000,bill_payment,2025-12-31 19:11:55+00:00,D000303,dhaka.mirpur,completed,run-42
TX00000025,C000775,M0011,23600,merchant_payment,2025-12-31 19:14:47+00:00,D000971,dhaka.dhanmondi,completed,run-42
TX00000026,C000295,M0026,72000,merchant_payment,2025-12-31 19:15:24+00:00,D000385,rangpur.darshana,completed,run-42
TX00000027,C000458,C000344,2070000,send_money,2025-12-31 19:27:42+00:00,D000585,chattogram.pahartali,completed,run-42
TX00000028,C000587,M0006,30400,mobile_recharge,2025-12-31 19:38:43+00:00,D000739,chattogram.pahartali,completed,run-42
TX00000029,C000260,M0003,25000,mobile_recharge,2025-12-31 19:44:30+00:00,D000345,chattogram.agrabad,completed,run-42
TX00000030,C000660,M0011,190000,bill_payment,2025-12-31 19:46:49+00:00,D000828,dhaka.gulshan,completed,run-42
TX00000031,C000978,M0033,15000,mobile_recharge,2025-12-31 19:49:23+00:00,D001208,mymensingh.kewatkhali,completed,run-42
TX00000032,C000462,C000893,300000,send_money,2025-12-31 20:03:35+00:00,D000590,dhaka.gulshan,completed,run-42
TX00000033,C000587,M0024,43000,merchant_payment,2025-12-31 20:17:18+00:00,D000739,chattogram.pahartali,completed,run-42
TX00000034,C000523,M0049,15300,merchant_payment,2025-12-31 20:27:24+00:00,D000662,mymensingh.kewatkhali,completed,run-42
TX00000035,C000182,C000251,40000,send_money,2025-12-31 20:33:28+00:00,D000249,chattogram.pahartali,completed,run-42
TX00000036,C000948,M0042,225000,bill_payment,2025-12-31 20:38:34+00:00,D001175,chattogram.halishahar,completed,run-42
TX00000037,C000182,M0014,50000,mobile_recharge,2025-12-31 20:42:33+00:00,D000249,chattogram.halishahar,completed,run-42
TX00000038,C000499,M0030,5000,mobile_recharge,2025-12-31 20:50:46+00:00,D000634,sylhet.south-surma,completed,run-42
TX00000039,C000284,C000700,45000,send_money,2025-12-31 20:52:35+00:00,D000372,sylhet.zindabazar,completed,run-42
TX00000040,C000499,M0004,759000,merchant_payment,2025-12-31 20:54:04+00:00,D000634,sylhet.south-surma,completed,run-42
TX00000041,C000897,C000121,205000,send_money,2025-12-31 20:56:47+00:00,D001112,chattogram.pahartali,completed,run-42
TX00000042,C000357,A0004,87000,cash_out,2025-12-31 21:12:36+00:00,D000465,dhaka.mirpur,completed,run-42
TX00000043,C000764,A0007,615000,cash_out,2025-12-31 21:14:55+00:00,D000957,dhaka.dhanmondi,completed,run-42
TX00000044,C000978,C000441,425900,send_money,2025-12-31 21:19:06+00:00,D001208,mymensingh.ganginarpar,completed,run-42
TX00000045,C000806,M0009,36100,merchant_payment,2025-12-31 21:23:34+00:00,D001007,chattogram.pahartali,completed,run-42
TX00000046,C000948,M0024,93700,merchant_payment,2025-12-31 21:33:01+00:00,D001175,chattogram.pahartali,completed,run-42
TX00000047,C000660,M0003,15000,mobile_recharge,2025-12-31 21:33:39+00:00,D000828,dhaka.gulshan,failed,run-42
TX00000048,C000895,A0013,295000,cash_out,2025-12-31 21:39:45+00:00,D001110,dhaka.gulshan,completed,run-42
TX00000049,C000284,M0030,45000,mobile_recharge,2025-12-31 21:44:21+00:00,D000372,sylhet.ambar-khana,completed,run-42
TX00000050,C000538,A0007,155000,cash_out,2025-12-31 21:44:43+00:00,D000682,dhaka.mirpur,completed,run-42
TX00000051,C000978,M0031,190000,bill_payment,2025-12-31 21:47:20+00:00,D001208,mymensingh.kewatkhali,completed,run-42
TX00000052,C000128,C000857,1822000,send_money,2025-12-31 21:50:38+00:00,D000184,sylhet.ambar-khana,completed,run-42
TX00000053,C000462,M0047,14300,merchant_payment,2025-12-31 21:50:55+00:00,D000590,dhaka.mirpur,completed,run-42
TX00000054,C000449,M0033,14500,mobile_recharge,2025-12-31 21:53:11+00:00,D000576,chattogram.agrabad,completed,run-42
TX00000055,C000903,C000919,255000,send_money,2025-12-31 22:04:37+00:00,D001121,barishal.natun-bazar,completed,run-42
TX00000056,C000498,C000401,35300,send_money,2025-12-31 22:43:16+00:00,D000633,dhaka.gulshan,completed,run-42
TX00000057,C000162,A0019,374000,cash_out,2025-12-31 22:43:41+00:00,D000224,rangpur.mahiganj,pending,run-42
TX00000058,C000357,A0004,788900,cash_out,2025-12-31 22:47:49+00:00,D000465,dhaka.mirpur,completed,run-42
TX00000059,C000874,M0003,18000,mobile_recharge,2025-12-31 22:49:40+00:00,D001081,dhaka.gulshan,completed,run-42
TX00000060,C000182,M0030,28000,mobile_recharge,2025-12-31 22:52:17+00:00,D000249,chattogram.pahartali,completed,run-42
TX00000061,C000764,M0012,70000,merchant_payment,2025-12-31 22:55:09+00:00,D000957,dhaka.dhanmondi,completed,run-42
TX00000062,C000978,A0024,286500,cash_out,2025-12-31 23:06:22+00:00,D001208,mymensingh.ganginarpar,completed,run-42
TX00000063,C000001,A0020,20000,cash_out,2025-12-31 23:07:47+00:00,D000031,barishal.band-road,completed,run-42
TX00000064,A0008,A0022,5004500,agent_settlement,2025-12-31 23:13:11+00:00,D000008,rajshahi.shaheb-bazar,completed,run-42
TX00000065,C000182,M0027,517800,merchant_payment,2025-12-31 23:15:01+00:00,D000249,chattogram.halishahar,completed,run-42
TX00000066,C000905,A0028,520000,cash_out,2025-12-31 23:18:28+00:00,D001124,barishal.band-road,failed,run-42
TX00000067,C000194,A0021,463900,cash_out,2025-12-31 23:20:02+00:00,D000263,dhaka.gulshan,completed,run-42
TX00000068,C000225,M0014,1500,mobile_recharge,2025-12-31 23:22:59+00:00,D000303,dhaka.mirpur,completed,run-42
TX00000069,C000182,M0016,165000,merchant_payment,2025-12-31 23:25:11+00:00,D000249,chattogram.agrabad,completed,run-42
TX00000070,C000082,C000567,99300,send_money,2025-12-31 23:26:13+00:00,D000130,dhaka.mirpur,completed,run-42
TX00000071,A0022,C000778,700000,cash_in,2025-12-31 23:37:28+00:00,D000022,chattogram.pahartali,completed,run-42
TX00000072,C000754,C000069,382000,send_money,2026-01-01 00:00:00+00:00,D001303,rajshahi.motihar,completed,run-42
TX00000073,C000357,C000931,102000,send_money,2026-01-01 00:00:58+00:00,D000465,dhaka.gulshan,completed,run-42
TX00000074,C000485,A0021,195000,cash_out,2026-01-01 00:04:16+00:00,D000617,dhaka.mirpur,completed,run-42
TX00000075,A0006,C000058,635000,cash_in,2026-01-01 00:04:18+00:00,D000006,dhaka.gulshan,completed,run-42
TX00000076,C000417,M0003,30000,mobile_recharge,2026-01-01 00:07:22+00:00,D000539,sylhet.ambar-khana,completed,run-42
TX00000077,C000162,M0030,30000,mobile_recharge,2026-01-01 00:07:44+00:00,D000224,rangpur.darshana,completed,run-42
TX00000078,C000507,A0009,958700,cash_out,2026-01-01 00:11:06+00:00,D000644,dhaka.gulshan,completed,run-42
TX00000079,C000499,M0015,32000,merchant_payment,2026-01-01 00:12:35+00:00,D000634,sylhet.ambar-khana,completed,run-42
TX00000080,C000170,M0031,165000,bill_payment,2026-01-01 00:15:55+00:00,D000235,khulna.khalishpur,completed,run-42
TX00000081,C000333,M0005,133200,bill_payment,2026-01-01 00:19:03+00:00,D000436,mymensingh.kewatkhali,completed,run-42
TX00000082,C000285,M0030,31000,mobile_recharge,2026-01-01 00:22:05+00:00,D000373,barishal.band-road,completed,run-42
TX00000083,C000378,A0002,234500,cash_out,2026-01-01 00:24:06+00:00,D000491,mymensingh.ganginarpar,completed,run-42
TX00000084,C000899,A0021,280000,cash_out,2026-01-01 00:24:35+00:00,D001116,dhaka.gulshan,completed,run-42
TX00000085,A0011,C000090,450000,cash_in,2026-01-01 00:27:06+00:00,D000011,rajshahi.boalia,completed,run-42
TX00000086,C000290,C000930,148000,send_money,2026-01-01 00:30:42+00:00,D000378,chattogram.pahartali,completed,run-42
TX00000087,C000199,M0004,291600,bill_payment,2026-01-01 00:30:46+00:00,D000268,khulna.khalishpur,completed,run-42
TX00000088,C000686,C000123,720300,send_money,2026-01-01 00:35:42+00:00,D000857,khulna.daulatpur,completed,run-42
TX00000089,A0013,A0030,7652000,agent_settlement,2026-01-01 00:37:40+00:00,D000013,dhaka.gulshan,completed,run-42
TX00000090,C000232,A0020,130000,cash_out,2026-01-01 00:40:15+00:00,D000311,chattogram.agrabad,completed,run-42
TX00000091,C000978,M0015,251000,merchant_payment,2026-01-01 00:40:51+00:00,D001208,mymensingh.charpara,completed,run-42
TX00000092,C000620,M0034,105000,merchant_payment,2026-01-01 00:41:12+00:00,D000780,dhaka.dhanmondi,completed,run-42
TX00000093,C000978,M0014,890000,merchant_payment,2026-01-01 00:41:24+00:00,D001208,mymensingh.charpara,completed,run-42
TX00000094,C000606,C000174,20000,send_money,2026-01-01 00:45:39+00:00,D000765,rangpur.jahaj-company,completed,run-42
TX00000095,C000173,A0026,139000,cash_out,2026-01-01 00:53:38+00:00,D000238,rangpur.darshana,completed,run-42
TX00000096,C000576,M0028,154200,merchant_payment,2026-01-01 00:59:53+00:00,D000726,rangpur.mahiganj,completed,run-42
TX00000097,C000855,M0030,5000,mobile_recharge,2026-01-01 01:00:13+00:00,D001062,chattogram.agrabad,completed,run-42
TX00000098,C000855,M0033,5000,mobile_recharge,2026-01-01 01:00:40+00:00,D001062,chattogram.agrabad,completed,run-42
TX00000099,A0008,C000769,790000,cash_in,2026-01-01 01:02:04+00:00,D000008,rajshahi.shaheb-bazar,completed,run-42
TX00000100,C000613,C000999,5000,send_money,2026-01-01 01:02:34+00:00,D000773,dhaka.uttara,completed,run-42
TX00000101,A0011,A0015,3230000,agent_settlement,2026-01-01 01:04:03+00:00,D000011,rajshahi.boalia,completed,run-42
TX00000102,C000600,M0004,43700,bill_payment,2026-01-01 01:04:56+00:00,D000755,dhaka.dhanmondi,completed,run-42
TX00000103,C000001,M0004,212000,bill_payment,2026-01-01 01:05:03+00:00,D000031,barishal.rupatali,completed,run-42
TX00000104,C000902,M0018,73000,merchant_payment,2026-01-01 01:06:51+00:00,D001120,chattogram.halishahar,completed,run-42
TX00000105,C000758,M0014,16800,mobile_recharge,2026-01-01 01:07:01+00:00,D000949,sylhet.zindabazar,completed,run-42
TX00000106,C000260,C000654,150000,send_money,2026-01-01 01:07:24+00:00,D000345,chattogram.halishahar,completed,run-42
TX00000107,C000529,M0004,35000,bill_payment,2026-01-01 01:15:11+00:00,D000671,khulna.daulatpur,completed,run-42
TX00000108,C000734,M0033,5000,mobile_recharge,2026-01-01 01:20:23+00:00,D000919,chattogram.agrabad,completed,run-42
TX00000109,C000499,M0002,354000,merchant_payment,2026-01-01 01:21:17+00:00,D000634,sylhet.south-surma,completed,run-42
TX00000110,A0014,A0008,5135000,agent_settlement,2026-01-01 01:22:10+00:00,D000014,sylhet.south-surma,completed,run-42
TX00000111,C000584,C000420,85000,send_money,2026-01-01 01:22:33+00:00,D000735,chattogram.agrabad,completed,run-42
TX00000112,C000638,M0037,132000,bill_payment,2026-01-01 01:25:27+00:00,D000801,barishal.band-road,completed,run-42
TX00000113,C000272,M0033,22000,mobile_recharge,2026-01-01 01:25:39+00:00,D000359,dhaka.mirpur,completed,run-42
TX00000114,C000349,A0014,823100,cash_out,2026-01-01 01:28:39+00:00,D000456,sylhet.ambar-khana,completed,run-42
TX00000115,C000695,A0004,216200,cash_out,2026-01-01 01:32:45+00:00,D000871,dhaka.uttara,completed,run-42
TX00000116,C000038,C000724,55000,send_money,2026-01-01 01:33:09+00:00,D000075,dhaka.mirpur,completed,run-42
TX00000117,C000335,M0011,134000,bill_payment,2026-01-01 01:34:21+00:00,D000439,mymensingh.kewatkhali,completed,run-42
TX00000118,C000627,C000050,255000,send_money,2026-01-01 01:38:49+00:00,D000787,dhaka.gulshan,completed,run-42
TX00000119,C000289,M0014,10000,mobile_recharge,2026-01-01 01:39:48+00:00,D000377,barishal.natun-bazar,completed,run-42
TX00000120,C000308,C000771,50800,send_money,2026-01-01 01:41:51+00:00,D000404,khulna.daulatpur,failed,run-42
TX00000121,C000490,M0014,9000,mobile_recharge,2026-01-01 01:41:57+00:00,D000623,rajshahi.motihar,completed,run-42
TX00000122,C000694,M0037,100000,bill_payment,2026-01-01 01:44:51+00:00,D000870,chattogram.halishahar,completed,run-42
TX00000123,C000937,M0014,16500,mobile_recharge,2026-01-01 01:47:30+00:00,D001162,chattogram.halishahar,completed,run-42
TX00000124,C000754,M0006,25000,mobile_recharge,2026-01-01 01:48:18+00:00,D000944,rajshahi.shaheb-bazar,completed,run-42
TX00000125,C000122,M0014,7900,mobile_recharge,2026-01-01 01:48:21+00:00,D000177,rajshahi.boalia,completed,run-42
TX00000126,C000325,C000111,85000,send_money,2026-01-01 01:52:50+00:00,D000426,dhaka.dhanmondi,completed,run-42
TX00000127,C000978,C000115,166500,send_money,2026-01-01 01:54:16+00:00,D001208,mymensingh.kewatkhali,completed,run-42
TX00000128,C000764,M0043,420000,merchant_payment,2026-01-01 01:55:09+00:00,D000957,dhaka.dhanmondi,completed,run-42
TX00000129,C000731,M0014,9900,mobile_recharge,2026-01-01 01:55:53+00:00,D000916,rangpur.mahiganj,completed,run-42
TX00000130,A0003,C000148,2220000,cash_in,2026-01-01 02:00:00+00:00,D000003,chattogram.agrabad,completed,run-42
TX00000131,A0002,C000845,2850000,cash_in,2026-01-01 02:00:00+00:00,D000002,mymensingh.ganginarpar,completed,run-42
TX00000132,A0008,C000616,3530000,cash_in,2026-01-01 02:00:00+00:00,D000008,rajshahi.shaheb-bazar,completed,run-42
TX00000133,A0016,C000153,210000,cash_in,2026-01-01 02:00:00+00:00,D000016,sylhet.ambar-khana,completed,run-42
TX00000134,A0020,C000901,3280000,cash_in,2026-01-01 02:00:00+00:00,D000020,chattogram.halishahar,completed,run-42
TX00000135,A0026,C000141,3026000,cash_in,2026-01-01 02:00:00+00:00,D000026,rangpur.mahiganj,completed,run-42
TX00000136,A0016,C000423,2072000,cash_in,2026-01-01 02:00:00+00:00,D000016,sylhet.ambar-khana,completed,run-42
TX00000137,A0016,C000077,3210000,cash_in,2026-01-01 02:00:00+00:00,D000016,sylhet.ambar-khana,completed,run-42
TX00000138,A0017,C000194,2220000,cash_in,2026-01-01 02:00:00+00:00,D000017,dhaka.gulshan,completed,run-42
TX00000139,A0009,C000373,3443000,cash_in,2026-01-01 02:00:00+00:00,D000009,dhaka.uttara,completed,run-42
TX00000140,A0009,C000111,4135000,cash_in,2026-01-01 02:00:00+00:00,D000009,dhaka.uttara,completed,run-42
TX00000141,A0020,C000888,4367500,cash_in,2026-01-01 02:00:00+00:00,D000020,chattogram.halishahar,completed,run-42
TX00000142,A0006,C000660,2295000,cash_in,2026-01-01 02:00:00+00:00,D000006,dhaka.gulshan,completed,run-42
TX00000143,A0002,C000709,3068200,cash_in,2026-01-01 02:00:00+00:00,D000002,mymensingh.ganginarpar,completed,run-42
TX00000144,A0002,C000795,2879000,cash_in,2026-01-01 02:00:00+00:00,D000002,mymensingh.ganginarpar,completed,run-42
TX00000145,A0020,C000290,3146000,cash_in,2026-01-01 02:00:00+00:00,D000020,chattogram.halishahar,completed,run-42
TX00000146,A0007,C000820,2728000,cash_in,2026-01-01 02:00:00+00:00,D000007,dhaka.gulshan,completed,run-42
TX00000147,A0007,C000619,3634000,cash_in,2026-01-01 02:00:00+00:00,D000007,dhaka.gulshan,completed,run-42
TX00000148,A0006,C000849,3326500,cash_in,2026-01-01 02:00:00+00:00,D000006,dhaka.gulshan,completed,run-42
TX00000149,A0029,C000769,1880000,cash_in,2026-01-01 02:00:00+00:00,D000029,khulna.sonadanga,completed,run-42
TX00000150,C000272,M0003,5000,mobile_recharge,2026-01-01 02:00:53+00:00,D000359,dhaka.gulshan,completed,run-42
TX00000151,C000818,C000537,89000,send_money,2026-01-01 02:00:54+00:00,D001020,chattogram.halishahar,completed,run-42
TX00000152,C000669,M0014,5000,mobile_recharge,2026-01-01 02:05:01+00:00,D000837,chattogram.pahartali,completed,run-42
TX00000153,C000973,A0030,705000,cash_out,2026-01-01 02:05:49+00:00,D001203,dhaka.uttara,completed,run-42
TX00000154,C000141,A0026,113500,cash_out,2026-01-01 02:06:23+00:00,D000198,rangpur.darshana,completed,run-42
TX00000155,C000789,A0028,1043000,cash_out,2026-01-01 02:06:34+00:00,D000988,khulna.khalishpur,completed,run-42
TX00000156,C000769,A0012,391000,cash_out,2026-01-01 02:07:26+00:00,D000964,khulna.khalishpur,completed,run-42
TX00000157,C000731,C000336,1220000,send_money,2026-01-01 02:10:30+00:00,D000916,rangpur.darshana,completed,run-42
TX00000158,C000696,M0014,3000,mobile_recharge,2026-01-01 02:11:01+00:00,D000873,rangpur.jahaj-company,completed,run-42
TX00000159,C000619,A0018,809000,cash_out,2026-01-01 02:12:55+00:00,D000779,dhaka.uttara,completed,run-42
TX00000160,C000619,C000507,100000,send_money,2026-01-01 02:13:34+00:00,D000779,dhaka.dhanmondi,completed,run-42
TX00000161,C000059,A0029,357200,cash_out,2026-01-01 02:14:16+00:00,D000102,khulna.daulatpur,completed,run-42
TX00000162,C000350,A0004,75000,cash_out,2026-01-01 02:14:47+00:00,D000457,barishal.band-road,completed,run-42
TX00000163,C000373,M0025,57100,merchant_payment,2026-01-01 02:16:07+00:00,D000486,dhaka.gulshan,completed,run-42
TX00000164,C000211,M0006,3900,mobile_recharge,2026-01-01 02:16:23+00:00,D000283,sylhet.zindabazar,completed,run-42
TX00000165,C000169,A0001,375400,cash_out,2026-01-01 02:16:37+00:00,D000234,sylhet.south-surma,completed,run-42
TX00000166,C000795,M0029,65000,merchant_payment,2026-01-01 02:17:34+00:00,D000995,mymensingh.charpara,completed,run-42
TX00000167,C000619,A0007,90000,cash_out,2026-01-01 02:20:49+00:00,D000779,dhaka.gulshan,completed,run-42
TX00000168,C000462,A0005,90000,cash_out,2026-01-01 02:21:06+00:00,D000590,dhaka.mirpur,completed,run-42
TX00000169,C000769,A0012,226900,cash_out,2026-01-01 02:21:59+00:00,D000964,khulna.daulatpur,completed,run-42
TX00000170,C000709,A0002,455000,cash_out,2026-01-01 02:25:23+00:00,D000891,mymensingh.kewatkhali,completed,run-42
TX00000171,C000849,M0021,442000,merchant_payment,2026-01-01 02:26:50+00:00,D001054,dhaka.uttara,completed,run-42
TX00000172,C000290,M0037,31000,merchant_payment,2026-01-01 02:27:35+00:00,D000378,chattogram.agrabad,completed,run-42
TX00000173,C000619,A0007,409000,cash_out,2026-01-01 02:27:58+00:00,D000779,dhaka.gulshan,completed,run-42
TX00000174,C000487,A0012,95000,cash_out,2026-01-01 02:28:43+00:00,D000620,khulna.sonadanga,completed,run-42
TX00000175,C000290,M0006,147000,merchant_payment,2026-01-01 02:29:00+00:00,D000378,chattogram.halishahar,completed,run-42
TX00000176,C000141,A0019,550000,cash_out,2026-01-01 02:29:24+00:00,D000198,rangpur.jahaj-company,completed,run-42
TX00000177,C000290,A0020,140000,cash_out,2026-01-01 02:30:12+00:00,D000378,chattogram.agrabad,completed,run-42
TX00000178,C000853,M0032,86000,merchant_payment,2026-01-01 02:30:26+00:00,D001059,barishal.rupatali,completed,run-42
TX00000179,A0003,C000295,495000,cash_in,2026-01-01 02:32:09+00:00,D000003,chattogram.agrabad,completed,run-42
TX00000180,C000141,C000642,104000,send_money,2026-01-01 02:33:08+00:00,D000198,rangpur.jahaj-company,completed,run-42
TX00000181,C000615,A0002,312000,cash_out,2026-01-01 02:33:44+00:00,D000775,mymensingh.kewatkhali,completed,run-42
TX00000182,A0016,C000097,475000,cash_in,2026-01-01 02:35:14+00:00,D000016,sylhet.ambar-khana,completed,run-42
TX00000183,A0020,A0028,4920000,agent_settlement,2026-01-01 02:37:39+00:00,D000020,chattogram.halishahar,completed,run-42
TX00000184,C000619,A0007,81300,cash_out,2026-01-01 02:40:07+00:00,D000779,dhaka.mirpur,completed,run-42
TX00000185,C000503,M0039,144800,merchant_payment,2026-01-01 02:41:16+00:00,D000639,dhaka.mirpur,completed,run-42
TX00000186,C000231,M0015,777000,merchant_payment,2026-01-01 02:42:33+00:00,D000310,barishal.rupatali,completed,run-42
TX00000187,C000423,M0004,30000,merchant_payment,2026-01-01 02:43:37+00:00,D000546,sylhet.ambar-khana,completed,run-42
TX00000188,C000373,M0025,107000,merchant_payment,2026-01-01 02:44:27+00:00,D000486,dhaka.mirpur,completed,run-42
TX00000189,C000148,A0003,224000,cash_out,2026-01-01 02:44:28+00:00,D000206,chattogram.halishahar,completed,run-42
TX00000190,C000893,A0004,170000,cash_out,2026-01-01 02:46:45+00:00,D001107,dhaka.mirpur,completed,run-42
TX00000191,C000040,A0006,94000,cash_out,2026-01-01 02:47:19+00:00,D000079,dhaka.dhanmondi,completed,run-42
TX00000192,C000820,C000654,160000,send_money,2026-01-01 02:48:39+00:00,D001022,dhaka.gulshan,completed,run-42
TX00000193,C000978,M0015,80000,merchant_payment,2026-01-01 02:49:16+00:00,D001208,mymensingh.kewatkhali,completed,run-42
TX00000194,C000731,M0026,175000,merchant_payment,2026-01-01 02:49:24+00:00,D000916,rangpur.darshana,completed,run-42
TX00000195,C000111,A0009,85000,cash_out,2026-01-01 02:50:38+00:00,D000163,dhaka.uttara,completed,run-42
TX00000196,C000194,A0030,855500,cash_out,2026-01-01 02:50:58+00:00,D000263,dhaka.dhanmondi,completed,run-42
TX00000197,C000606,M0006,5000,mobile_recharge,2026-01-01 02:51:01+00:00,D000765,rangpur.darshana,completed,run-42
TX00000198,C000507,M0031,251000,merchant_payment,2026-01-01 02:53:58+00:00,D000644,dhaka.gulshan,failed,run-42
TX00000199,C000288,M0005,105000,bill_payment,2026-01-01 02:54:44+00:00,D000376,khulna.sonadanga,completed,run-42
TX00000200,C000111,C000415,243000,send_money,2026-01-01 02:56:25+00:00,D000163,dhaka.mirpur,completed,run-42
TX00000201,C000560,C000251,213400,send_money,2026-01-01 02:56:35+00:00,D000708,mymensingh.ganginarpar,completed,run-42
TX00000202,C000899,C000451,980600,send_money,2026-01-01 02:57:58+00:00,D001116,dhaka.gulshan,completed,run-42
TX00000203,C000901,M0027,74000,merchant_payment,2026-01-01 02:58:19+00:00,D001119,chattogram.agrabad,completed,run-42
TX00000204,C000082,C000498,135000,send_money,2026-01-01 02:59:21+00:00,D000130,dhaka.mirpur,completed,run-42
TX00000205,C000290,M0025,34300,merchant_payment,2026-01-01 02:59:34+00:00,D000378,chattogram.agrabad,completed,run-42
TX00000206,A0012,C000252,3550000,cash_in,2026-01-01 03:00:00+00:00,D000012,khulna.sonadanga,completed,run-42
TX00000207,A0006,C000779,2025000,cash_in,2026-01-01 03:00:00+00:00,D000006,dhaka.gulshan,completed,run-42
TX00000208,A0029,C000070,2945000,cash_in,2026-01-01 03:00:00+00:00,D000029,khulna.sonadanga,completed,run-42
TX00000209,A0001,C000732,2410000,cash_in,2026-01-01 03:00:00+00:00,D000001,sylhet.south-surma,completed,run-42
TX00000210,A0004,C000368,2851800,cash_in,2026-01-01 03:00:00+00:00,D000004,dhaka.gulshan,completed,run-42
TX00000211,A0012,C000876,2232000,cash_in,2026-01-01 03:00:00+00:00,D000012,khulna.sonadanga,completed,run-42
TX00000212,A0020,C000569,3479000,cash_in,2026-01-01 03:00:00+00:00,D000020,chattogram.halishahar,completed,run-42
TX00000213,A0005,C000479,3805000,cash_in,2026-01-01 03:00:00+00:00,D000005,dhaka.uttara,completed,run-42
TX00000214,A0017,C000132,2465000,cash_in,2026-01-01 03:00:00+00:00,D000017,dhaka.gulshan,completed,run-42
TX00000215,A0008,C000429,1749400,cash_in,2026-01-01 03:00:00+00:00,D000008,rajshahi.shaheb-bazar,completed,run-42
TX00000216,A0005,C000680,3555300,cash_in,2026-01-01 03:00:00+00:00,D000005,dhaka.uttara,completed,run-42
TX00000217,A0030,C000114,3442200,cash_in,2026-01-01 03:00:00+00:00,D000030,dhaka.uttara,completed,run-42
TX00000218,A0023,C000753,2395000,cash_in,2026-01-01 03:00:00+00:00,D000023,rajshahi.motihar,completed,run-42
TX00000219,A0002,C000254,2902800,cash_in,2026-01-01 03:00:00+00:00,D000002,mymensingh.ganginarpar,completed,run-42
TX00000220,A0004,C000435,2101000,cash_in,2026-01-01 03:00:00+00:00,D000004,dhaka.gulshan,completed,run-42
TX00000221,A0004,C000139,2065000,cash_in,2026-01-01 03:00:00+00:00,D000004,dhaka.gulshan,completed,run-42
TX00000222,A0010,C000311,2695000,cash_in,2026-01-01 03:00:00+00:00,D000010,chattogram.agrabad,completed,run-42
TX00000223,A0022,C000878,2046300,cash_in,2026-01-01 03:00:00+00:00,D000022,chattogram.pahartali,completed,run-42
TX00000224,A0027,C000226,1800000,cash_in,2026-01-01 03:00:00+00:00,D000027,dhaka.uttara,completed,run-42
TX00000225,A0019,C000781,3023400,cash_in,2026-01-01 03:00:00+00:00,D000019,rangpur.jahaj-company,completed,run-42
TX00000226,A0014,C000967,2304000,cash_in,2026-01-01 03:00:00+00:00,D000014,sylhet.south-surma,completed,run-42
TX00000227,C000357,C000727,270000,send_money,2026-01-01 03:00:21+00:00,D000465,dhaka.uttara,completed,run-42
TX00000228,C000808,C000891,255000,send_money,2026-01-01 03:01:44+00:00,D001009,sylhet.zindabazar,completed,run-42
TX00000229,C000111,C000227,12000,send_money,2026-01-01 03:02:34+00:00,D000163,dhaka.mirpur,completed,run-42
TX00000230,C000901,C000960,905000,send_money,2026-01-01 03:03:41+00:00,D001119,chattogram.agrabad,completed,run-42
TX00000231,C000306,M0045,47000,merchant_payment,2026-01-01 03:07:02+00:00,D000400,dhaka.dhanmondi,completed,run-42
TX00000232,C000077,C000182,148000,send_money,2026-01-01 03:08:17+00:00,D000124,sylhet.south-surma,completed,run-42
TX00000233,C000373,M0025,230500,merchant_payment,2026-01-01 03:08:48+00:00,D000486,dhaka.uttara,completed,run-42
TX00000234,C000114,A0030,42000,cash_out,2026-01-01 03:09:28+00:00,D000167,dhaka.gulshan,completed,run-42
TX00000235,C000495,M0005,25000,merchant_payment,2026-01-01 03:09:33+00:00,D000629,mymensingh.ganginarpar,completed,run-42
TX00000236,C000139,A0021,1245000,cash_out,2026-01-01 03:09:50+00:00,D000196,dhaka.mirpur,completed,run-42
TX00000237,C000699,C000881,60000,send_money,2026-01-01 03:10:06+00:00,D001358,chattogram.agrabad,completed,run-42
TX00000238,C000795,M0044,65000,merchant_payment,2026-01-01 03:12:06+00:00,D000995,mymensingh.ganginarpar,completed,run-42
TX00000239,C000077,M0005,250000,merchant_payment,2026-01-01 03:12:25+00:00,D000124,sylhet.south-surma,completed,run-42
TX00000240,A0022,C000711,3203700,cash_in,2026-01-01 03:14:34+00:00,D000022,chattogram.pahartali,completed,run-42
TX00000241,C000132,C000559,64600,send_money,2026-01-01 03:15:32+00:00,D000189,dhaka.uttara,completed,run-42
TX00000242,C000845,A0024,330000,cash_out,2026-01-01 03:16:24+00:00,D001049,mymensingh.kewatkhali,completed,run-42
TX00000243,C000114,A0030,428400,cash_out,2026-01-01 03:16:29+00:00,D000167,dhaka.mirpur,completed,run-42
TX00000244,C000967,A0014,545000,cash_out,2026-01-01 03:16:59+00:00,D001196,sylhet.south-surma,completed,run-42
TX00000245,C000644,M0006,12000,mobile_recharge,2026-01-01 03:17:29+00:00,D000807,sylhet.zindabazar,completed,run-42
TX00000246,C000652,M0006,10000,mobile_recharge,2026-01-01 03:17:41+00:00,D000817,barishal.band-road,completed,run-42
TX00000247,C000769,M0022,40000,merchant_payment,2026-01-01 03:17:45+00:00,D000964,khulna.sonadanga,completed,run-42
TX00000248,C000174,C000757,92100,send_money,2026-01-01 03:18:26+00:00,D000239,dhaka.mirpur,completed,run-42
TX00000249,C000194,A0030,230000,cash_out,2026-01-01 03:18:49+00:00,D000263,dhaka.mirpur,completed,run-42
TX00000250,C000433,M0004,394000,bill_payment,2026-01-01 03:18:50+00:00,D000558,dhaka.uttara,completed,run-42
TX00000251,C000849,M0020,5000,merchant_payment,2026-01-01 03:18:53+00:00,D001054,dhaka.mirpur,completed,run-42
TX00000252,C000015,M0026,30000,merchant_payment,2026-01-01 03:19:32+00:00,D000049,barishal.rupatali,completed,run-42
TX00000253,C000660,A0006,270000,cash_out,2026-01-01 03:19:42+00:00,D000828,dhaka.mirpur,completed,run-42
TX00000254,C000148,M0008,45000,merchant_payment,2026-01-01 03:20:07+00:00,D000206,chattogram.halishahar,completed,run-42
TX00000255,C000423,A0014,220000,cash_out,2026-01-01 03:20:13+00:00,D000546,sylhet.ambar-khana,completed,run-42
TX00000256,C000153,M0016,45000,merchant_payment,2026-01-01 03:20:30+00:00,D000211,sylhet.ambar-khana,pending,run-42
TX00000257,C000779,M0028,130000,merchant_payment,2026-01-01 03:21:40+00:00,D000975,dhaka.dhanmondi,completed,run-42
TX00000258,C000242,A0011,79000,cash_out,2026-01-01 03:22:57+00:00,D000323,rajshahi.boalia,completed,run-42
TX00000259,C000311,A0010,407000,cash_out,2026-01-01 03:24:01+00:00,D000409,chattogram.halishahar,completed,run-42
TX00000260,A0009,A0008,4030000,agent_settlement,2026-01-01 03:25:53+00:00,D000009,dhaka.uttara,completed,run-42
TX00000261,C000754,C000063,139000,send_money,2026-01-01 03:26:23+00:00,D000944,rajshahi.motihar,completed,run-42
TX00000262,C000429,A0015,146800,cash_out,2026-01-01 03:28:35+00:00,D000553,rajshahi.boalia,completed,run-42
TX00000263,C000001,M0001,100000,merchant_payment,2026-01-01 03:29:14+00:00,D000031,barishal.band-road,completed,run-42
TX00000264,C000616,A0008,1082400,cash_out,2026-01-01 03:31:03+00:00,D000776,rajshahi.motihar,completed,run-42
TX00000265,C000139,C000812,156000,send_money,2026-01-01 03:31:09+00:00,D000196,dhaka.gulshan,completed,run-42
TX00000266,C000923,A0029,1448000,cash_out,2026-01-01 03:31:31+00:00,D001146,khulna.daulatpur,completed,run-42
TX00000267,C000153,C000444,687000,send_money,2026-01-01 03:32:03+00:00,D000211,sylhet.south-surma,completed,run-42
TX00000268,C000769,A0012,165000,cash_out,2026-01-01 03:33:06+00:00,D000964,khulna.khalishpur,completed,run-42
TX00000269,C000044,A0018,1663600,cash_out,2026-01-01 03:33:16+00:00,D000083,barishal.rupatali,completed,run-42
TX00000270,C000696,M0046,29000,merchant_payment,2026-01-01 03:33:50+00:00,D000873,rangpur.darshana,completed,run-42
TX00000271,C000325,M0006,5000,mobile_recharge,2026-01-01 03:34:05+00:00,D000426,dhaka.uttara,completed,run-42
TX00000272,C000077,A0016,265000,cash_out,2026-01-01 03:35:06+00:00,D000124,sylhet.ambar-khana,completed,run-42
TX00000273,C000368,A0004,390000,cash_out,2026-01-01 03:35:10+00:00,D000479,dhaka.dhanmondi,completed,run-42
TX00000274,C000530,M0049,75000,merchant_payment,2026-01-01 03:35:15+00:00,D000672,dhaka.dhanmondi,completed,run-42
TX00000275,C000141,A0019,355000,cash_out,2026-01-01 03:36:14+00:00,D000198,rangpur.mahiganj,completed,run-42
TX00000276,C000373,A0006,385000,cash_out,2026-01-01 03:36:47+00:00,D000486,dhaka.gulshan,completed,run-42
TX00000277,C000226,C000293,65000,send_money,2026-01-01 03:36:58+00:00,D000304,dhaka.mirpur,completed,run-42
TX00000278,C000429,C000929,135300,send_money,2026-01-01 03:37:23+00:00,D000553,rajshahi.boalia,completed,run-42
TX00000279,C000769,A0012,162600,cash_out,2026-01-01 03:37:26+00:00,D000964,khulna.daulatpur,completed,run-42
TX00000280,C000111,C000462,41200,send_money,2026-01-01 03:37:37+00:00,D000163,dhaka.uttara,completed,run-42
TX00000281,A0027,A0022,4060200,agent_settlement,2026-01-01 03:38:54+00:00,D000027,dhaka.uttara,completed,run-42
TX00000282,C000429,C000585,80000,send_money,2026-01-01 03:38:59+00:00,D000553,rajshahi.motihar,completed,run-42
TX00000283,C000479,C000413,80000,send_money,2026-01-01 03:39:08+00:00,D000610,dhaka.dhanmondi,completed,run-42
TX00000284,C000899,M0014,5000,mobile_recharge,2026-01-01 03:39:16+00:00,D001116,dhaka.gulshan,completed,run-42
TX00000285,C000888,C000903,323500,send_money,2026-01-01 03:39:37+00:00,D001102,chattogram.pahartali,completed,run-42
TX00000286,C000617,M0005,216000,merchant_payment,2026-01-01 03:40:15+00:00,D000777,chattogram.halishahar,completed,run-42
TX00000287,C000709,A0002,110000,cash_out,2026-01-01 03:41:31+00:00,D000891,mymensingh.charpara,completed,run-42
TX00000288,C000114,M0018,27000,merchant_payment,2026-01-01 03:42:05+00:00,D000167,dhaka.dhanmondi,completed,run-42
TX00000289,C000070,M0013,115000,merchant_payment,2026-01-01 03:42:07+00:00,D000117,khulna.sonadanga,completed,run-42
TX00000290,C000916,C000236,115000,send_money,2026-01-01 03:42:39+00:00,D001138,dhaka.uttara,completed,run-42
TX00000291,C000845,M0046,150000,merchant_payment,2026-01-01 03:43:38+00:00,D001049,mymensingh.charpara,completed,run-42
TX00000292,C000587,A0003,175000,cash_out,2026-01-01 03:43:44+00:00,D000739,chattogram.pahartali,completed,run-42
TX00000293,C000202,A0023,235000,cash_out,2026-01-01 03:44:08+00:00,D000272,rajshahi.boalia,completed,run-42
TX00000294,C000148,C000294,2745000,send_money,2026-01-01 03:44:34+00:00,D000206,chattogram.agrabad,completed,run-42
TX00000295,C000016,C000751,65000,send_money,2026-01-01 03:45:13+00:00,D000051,chattogram.pahartali,completed,run-42
TX00000296,C000141,C000121,587000,send_money,2026-01-01 03:47:53+00:00,D000198,rangpur.mahiganj,completed,run-42
TX00000297,C000967,M0012,145100,merchant_payment,2026-01-01 03:48:05+00:00,D001196,sylhet.ambar-khana,completed,run-42
TX00000298,C000781,A0024,150000,cash_out,2026-01-01 03:48:41+00:00,D000977,barishal.rupatali,completed,run-42
TX00000299,A0003,A0010,4197700,agent_settlement,2026-01-01 03:51:10+00:00,D000003,chattogram.agrabad,completed,run-42
TX00000300,C000004,C000628,24900,send_money,2026-01-01 03:53:17+00:00,D000036,dhaka.mirpur,completed,run-42
TX00000301,C000435,M0030,35000,merchant_payment,2026-01-01 03:53:22+00:00,D000562,dhaka.gulshan,completed,run-42
TX00000302,C000077,C000291,65000,send_money,2026-01-01 03:53:37+00:00,D000124,sylhet.ambar-khana,completed,run-42
TX00000303,C000913,M0033,20000,mobile_recharge,2026-01-01 03:54:36+00:00,D001134,barishal.natun-bazar,completed,run-42
TX00000304,C000111,C000227,125000,send_money,2026-01-01 03:54:52+00:00,D000163,dhaka.dhanmondi,completed,run-42
TX00000305,C000731,M0003,5000,mobile_recharge,2026-01-01 03:56:38+00:00,D000916,rangpur.jahaj-company,completed,run-42
TX00000306,C000295,C000884,192600,send_money,2026-01-01 03:57:23+00:00,D000385,rangpur.darshana,completed,run-42
TX00000307,C000139,C000161,173200,send_money,2026-01-01 03:57:59+00:00,D000196,dhaka.uttara,completed,run-42
TX00000308,C000070,A0029,197700,cash_out,2026-01-01 03:58:05+00:00,D000117,khulna.daulatpur,completed,run-42
TX00000309,C000479,M0046,15000,merchant_payment,2026-01-01 03:58:41+00:00,D000610,dhaka.dhanmondi,completed,run-42
TX00000310,C000941,M0003,40000,merchant_payment,2026-01-01 03:58:59+00:00,D001166,dhaka.dhanmondi,completed,run-42
TX00000311,C000820,M0039,259400,merchant_payment,2026-01-01 03:59:15+00:00,D001022,dhaka.mirpur,completed,run-42
TX00000312,C000486,A0003,250000,cash_out,2026-01-01 03:59:46+00:00,D000618,barishal.band-road,completed,run-42
TX00000313,C000136,A0016,850000,cash_out,2026-01-01 03:59:50+00:00,D000193,sylhet.zindabazar,completed,run-42
TX00000314,A0027,C000460,4041000,cash_in,2026-01-01 04:00:00+00:00,D000027,dhaka.uttara,completed,run-42
TX00000315,A0015,C000544,3326000,cash_in,2026-01-01 04:00:00+00:00,D000015,rajshahi.shaheb-bazar,completed,run-42
TX00000316,A0005,C000240,3395000,cash_in,2026-01-01 04:00:00+00:00,D000005,dhaka.uttara,completed,run-42
TX00000317,A0002,C000583,3520000,cash_in,2026-01-01 04:00:00+00:00,D000002,mymensingh.ganginarpar,completed,run-42
TX00000318,A0026,C000737,1905000,cash_in,2026-01-01 04:00:00+00:00,D000026,rangpur.mahiganj,completed,run-42
TX00000319,A0006,C000599,5162300,cash_in,2026-01-01 04:00:00+00:00,D000006,dhaka.gulshan,completed,run-42
TX00000320,A0003,C000493,2145000,cash_in,2026-01-01 04:00:00+00:00,D000003,chattogram.agrabad,completed,run-42
TX00000321,A0027,C000035,3549200,cash_in,2026-01-01 04:00:00+00:00,D000027,dhaka.uttara,completed,run-42
TX00000322,A0026,C000362,3572100,cash_in,2026-01-01 04:00:00+00:00,D000026,rangpur.mahiganj,completed,run-42
TX00000323,A0018,C000477,4440000,cash_in,2026-01-01 04:00:00+00:00,D000018,dhaka.uttara,completed,run-42
TX00000324,A0001,C000140,2726000,cash_in,2026-01-01 04:00:00+00:00,D000001,sylhet.south-surma,completed,run-42
TX00000325,A0008,C000929,2645000,cash_in,2026-01-01 04:00:00+00:00,D000008,rajshahi.shaheb-bazar,completed,run-42
TX00000326,A0019,C000162,1309000,cash_in,2026-01-01 04:00:00+00:00,D000019,rangpur.jahaj-company,completed,run-42
TX00000327,A0021,C000535,2929000,cash_in,2026-01-01 04:00:00+00:00,D000021,dhaka.dhanmondi,completed,run-42
TX00000328,A0001,C000921,3513000,cash_in,2026-01-01 04:00:00+00:00,D000001,sylhet.south-surma,completed,run-42
TX00000329,A0010,C000799,3460000,cash_in,2026-01-01 04:00:00+00:00,D000010,chattogram.agrabad,completed,run-42
TX00000330,A0003,C000455,2584900,cash_in,2026-01-01 04:00:00+00:00,D000003,chattogram.agrabad,completed,run-42
TX00000331,A0004,C000174,3255700,cash_in,2026-01-01 04:00:00+00:00,D000004,dhaka.gulshan,completed,run-42
TX00000332,A0020,C000948,3160000,cash_in,2026-01-01 04:00:00+00:00,D000020,chattogram.halishahar,completed,run-42
TX00000333,A0017,C000085,2253000,cash_in,2026-01-01 04:00:00+00:00,D000017,dhaka.gulshan,pending,run-42
TX00000334,A0001,C000414,3890000,cash_in,2026-01-01 04:00:00+00:00,D000001,sylhet.south-surma,completed,run-42
TX00000335,A0016,C000882,1751000,cash_in,2026-01-01 04:00:00+00:00,D000016,sylhet.ambar-khana,completed,run-42
TX00000336,A0004,C000229,2690000,cash_in,2026-01-01 04:00:00+00:00,D000004,dhaka.gulshan,completed,run-42
TX00000337,A0001,C000852,2633000,cash_in,2026-01-01 04:00:00+00:00,D000001,sylhet.south-surma,completed,run-42
TX00000338,C000530,C000372,120000,send_money,2026-01-01 04:00:54+00:00,D001364,rajshahi.boalia,completed,run-42
TX00000339,C000479,C000925,906000,send_money,2026-01-01 04:01:14+00:00,D000610,dhaka.dhanmondi,completed,run-42
TX00000340,C000479,M0034,435000,merchant_payment,2026-01-01 04:01:45+00:00,D000610,dhaka.uttara,completed,run-42
TX00000341,C000226,M0033,199700,merchant_payment,2026-01-01 04:02:40+00:00,D000304,dhaka.uttara,completed,run-42
TX00000342,C000680,M0018,121000,merchant_payment,2026-01-01 04:02:44+00:00,D000850,dhaka.gulshan,completed,run-42
TX00000343,C000325,A0007,1162500,cash_out,2026-01-01 04:02:49+00:00,D000426,dhaka.gulshan,completed,run-42
TX00000344,C000368,M0014,99500,merchant_payment,2026-01-01 04:02:53+00:00,D000479,dhaka.gulshan,completed,run-42
TX00000345,C000111,M0017,25000,merchant_payment,2026-01-01 04:03:02+00:00,D000163,dhaka.dhanmondi,completed,run-42
TX00000346,C000254,M0016,8000,merchant_payment,2026-01-01 04:04:28+00:00,D000336,mymensingh.ganginarpar,completed,run-42
TX00000347,C000876,C000144,90000,send_money,2026-01-01 04:04:35+00:00,D001083,barishal.rupatali,completed,run-42
TX00000348,C000544,M0045,85000,merchant_payment,2026-01-01 04:05:34+00:00,D000689,rajshahi.boalia,completed,run-42
TX00000349,C000606,A0026,2129000,cash_out,2026-01-01 04:05:38+00:00,D000765,rangpur.jahaj-company,completed,run-42
TX00000350,C000530,C000204,373400,send_money,2026-01-01 04:05:59+00:00,D001364,rajshahi.boalia,completed,run-42
TX00000351,C000960,C000308,55000,send_money,2026-01-01 04:06:29+00:00,D001188,rangpur.jahaj-company,completed,run-42
TX00000352,C000380,M0044,95800,merchant_payment,2026-01-01 04:06:57+00:00,D000494,chattogram.halishahar,completed,run-42
TX00000353,C000734,M0005,21200,bill_payment,2026-01-01 04:07:42+00:00,D000919,chattogram.halishahar,completed,run-42
TX00000354,C000035,A0004,361000,cash_out,2026-01-01 04:07:59+00:00,D000072,barishal.band-road,completed,run-42
TX00000355,C000569,A0003,95000,cash_out,2026-01-01 04:08:16+00:00,D000718,chattogram.halishahar,completed,run-42
TX00000356,C000799,M0045,555000,merchant_payment,2026-01-01 04:08:35+00:00,D000999,chattogram.agrabad,completed,run-42
TX00000357,C000414,M0020,40000,merchant_payment,2026-01-01 04:09:14+00:00,D000535,barishal.rupatali,completed,run-42
TX00000358,C000892,C000920,250000,send_money,2026-01-01 04:09:18+00:00,D001106,dhaka.gulshan,completed,run-42
TX00000359,C000581,C000438,146000,send_money,2026-01-01 04:09:21+00:00,D000732,sylhet.south-surma,completed,run-42
TX00000360,C000845,M0037,30000,merchant_payment,2026-01-01 04:09:54+00:00,D001049,mymensingh.charpara,completed,run-42
TX00000361,C000715,M0006,8800,mobile_recharge,2026-01-01 04:10:34+00:00,D000897,khulna.daulatpur,completed,run-42
TX00000362,C000153,C000648,15000,send_money,2026-01-01 04:10:40+00:00,D000211,sylhet.south-surma,completed,run-42
TX00000363,C000569,C000874,250000,send_money,2026-01-01 04:11:14+00:00,D000718,chattogram.agrabad,completed,run-42
TX00000364,C000866,A0007,107000,cash_out,2026-01-01 04:12:31+00:00,D001073,dhaka.gulshan,completed,run-42
TX00000365,C000921,A0001,720000,cash_out,2026-01-01 04:12:38+00:00,D001144,sylhet.zindabazar,completed,run-42
TX00000366,C000738,A0022,259000,cash_out,2026-01-01 04:13:14+00:00,D000924,chattogram.halishahar,completed,run-42
TX00000367,C000820,M0039,140000,merchant_payment,2026-01-01 04:13:23+00:00,D001022,dhaka.dhanmondi,completed,run-42
TX00000368,C000148,A0003,270000,cash_out,2026-01-01 04:13:32+00:00,D000206,chattogram.agrabad,completed,run-42
TX00000369,C000882,A0001,1090000,cash_out,2026-01-01 04:13:36+00:00,D001093,sylhet.ambar-khana,completed,run-42
TX00000370,C000967,C000216,240000,send_money,2026-01-01 04:14:31+00:00,D001196,sylhet.south-surma,completed,run-42
TX00000371,C000781,C000081,95000,send_money,2026-01-01 04:14:54+00:00,D000977,barishal.band-road,completed,run-42
TX00000372,C000852,C000228,2498000,send_money,2026-01-01 04:15:00+00:00,D001057,sylhet.zindabazar,completed,run-42
TX00000373,C000311,A0010,316000,cash_out,2026-01-01 04:15:04+00:00,D000409,chattogram.pahartali,completed,run-42
TX00000374,C000194,M0027,35000,merchant_payment,2026-01-01 04:15:06+00:00,D000263,dhaka.gulshan,completed,run-42
TX00000375,C000599,M0005,983900,merchant_payment,2026-01-01 04:15:19+00:00,D000754,dhaka.mirpur,completed,run-42
TX00000376,C000493,C000780,212100,send_money,2026-01-01 04:16:58+00:00,D000627,chattogram.pahartali,completed,run-42
TX00000377,C000663,M0028,436000,bill_payment,2026-01-01 04:17:12+00:00,D000831,dhaka.mirpur,completed,run-42
TX00000378,C000455,A0022,285000,cash_out,2026-01-01 04:17:28+00:00,D000582,chattogram.pahartali,completed,run-42
TX00000379,C000535,A0009,4309500,cash_out,2026-01-01 04:17:39+00:00,D000678,barishal.natun-bazar,completed,run-42
TX00000380,C000139,A0017,174500,cash_out,2026-01-01 04:17:39+00:00,D000196,dhaka.dhanmondi,completed,run-42
TX00000381,C000479,M0045,17800,merchant_payment,2026-01-01 04:18:26+00:00,D000610,dhaka.uttara,completed,run-42
TX00000382,C000845,C000294,145000,send_money,2026-01-01 04:18:47+00:00,D001049,mymensingh.kewatkhali,completed,run-42
TX00000383,C000290,A0010,512800,cash_out,2026-01-01 04:19:24+00:00,D000378,chattogram.halishahar,completed,run-42
TX00000384,C000311,A0010,410000,cash_out,2026-01-01 04:19:29+00:00,D000409,chattogram.pahartali,completed,run-42
TX00000385,C000530,C000863,85000,send_money,2026-01-01 04:19:36+00:00,D001364,rajshahi.boalia,completed,run-42
TX00000386,C000769,A0012,272000,cash_out,2026-01-01 04:20:04+00:00,D000964,khulna.daulatpur,completed,run-42
TX00000387,C000948,A0020,85000,cash_out,2026-01-01 04:20:53+00:00,D001175,chattogram.halishahar,completed,run-42
TX00000388,C000055,A0014,630000,cash_out,2026-01-01 04:20:56+00:00,D000095,sylhet.zindabazar,completed,run-42
TX00000389,C000709,M0003,37700,merchant_payment,2026-01-01 04:21:13+00:00,D000891,mymensingh.charpara,completed,run-42
TX00000390,A0001,A0016,1358000,agent_settlement,2026-01-01 04:21:25+00:00,D000001,sylhet.south-surma,completed,run-42
TX00000391,C000493,C000780,85000,send_money,2026-01-01 04:21:42+00:00,D000627,chattogram.agrabad,completed,run-42
TX00000392,C000660,C000629,55000,send_money,2026-01-01 04:22:55+00:00,D000828,dhaka.gulshan,completed,run-42
TX00000393,C000619,C000912,5000000,send_money,2026-01-01 04:23:15+00:00,D000779,dhaka.mirpur,completed,run-42
TX00000394,C000226,A0021,301000,cash_out,2026-01-01 04:24:53+00:00,D000304,dhaka.mirpur,completed,run-42
TX00000395,C000067,C000955,27000,send_money,2026-01-01 04:25:54+00:00,D000112,sylhet.ambar-khana,completed,run-42
TX00000396,C000015,C000149,545000,send_money,2026-01-01 04:26:17+00:00,D000049,barishal.natun-bazar,completed,run-42
TX00000397,C000779,C000588,474800,send_money,2026-01-01 04:28:04+00:00,D000975,dhaka.uttara,completed,run-42
TX00000398,C000754,M0013,125900,merchant_payment,2026-01-01 04:28:06+00:00,D000944,rajshahi.shaheb-bazar,completed,run-42
TX00000399,C000429,C000341,90000,send_money,2026-01-01 04:28:17+00:00,D000553,rajshahi.shaheb-bazar,completed,run-42
TX00000400,C000948,M0024,75000,merchant_payment,2026-01-01 04:28:39+00:00,D001175,chattogram.pahartali,completed,run-42
