entity_id,timestamp,device_id,success,location
C000767,2025-12-31 18:00:08+00:00,D000960,True,rangpur.jahaj-company
C000516,2025-12-31 18:01:35+00:00,D000654,True,dhaka.gulshan
C000136,2025-12-31 18:03:05+00:00,D000193,True,sylhet.zindabazar
C000913,2025-12-31 18:05:14+00:00,D001134,True,barishal.rupatali
C000422,2025-12-31 18:10:43+00:00,D000545,True,rajshahi.boalia
C000087,2025-12-31 18:10:46+00:00,D000137,True,rangpur.darshana
C000978,2025-12-31 18:13:32+00:00,D001208,True,mymensingh.charpara
C000333,2025-12-31 18:14:47+00:00,D000436,True,mymensingh.ganginarpar
C000437,2025-12-31 18:17:51+00:00,D000564,True,dhaka.dhanmondi
C000038,2025-12-31 18:22:34+00:00,D000075,True,chattogram.agrabad
C000658,2025-12-31 18:23:11+00:00,D000825,True,barishal.natun-bazar
C000016,2025-12-31 18:27:55+00:00,D000051,True,chattogram.pahartali
C000456,2025-12-31 18:30:13+00:00,D000583,True,chattogram.pahartali
C000071,2025-12-31 18:31:18+00:00,D000118,True,rangpur.darshana
C000389,2025-12-31 18:32:51+00:00,D000506,True,dhaka.gulshan
C000634,2025-12-31 18:35:20+00:00,D000795,True,khulna.daulatpur
C000081,2025-12-31 18:39:12+00:00,D000129,True,sylhet.zindabazar
C000085,2025-12-31 18:39:17+00:00,D000134,True,dhaka.gulshan
C000499,2025-12-31 18:39:22+00:00,D000634,True,sylhet.zindabazar
C000422,2025-12-31 18:40:24+00:00,D000545,True,rajshahi.boalia
C000945,2025-12-31 18:40:31+00:00,D001171,True,dhaka.mirpur
C000490,2025-12-31 18:40:52+00:00,D000623,True,barishal.band-road
C000366,2025-12-31 18:41:27+00:00,D000476,True,chattogram.halishahar
C000272,2025-12-31 18:41:41+00:00,D000359,True,dhaka.dhanmondi
C000499,2025-12-31 18:44:44+00:00,D000634,True,sylhet.ambar-khana
C000389,2025-12-31 18:45:51+00:00,D000506,True,dhaka.gulshan
C000115,2025-12-31 18:48:47+00:00,D000168,True,mymensingh.charpara
C000499,2025-12-31 18:49:20+00:00,D000634,True,sylhet.zindabazar
C000333,2025-12-31 18:52:02+00:00,D000436,True,mymensingh.ganginarpar
C000779,2025-12-31 18:52:55+00:00,D000975,True,dhaka.uttara
C000438,2025-12-31 18:52:57+00:00,D000565,True,dhaka.gulshan
C000719,2025-12-31 18:53:19+00:00,D000902,True,rajshahi.boalia
C000499,2025-12-31 18:53:37+00:00,D000634,True,sylhet.south-surma
C000494,2025-12-31 19:01:11+00:00,D000628,True,khulna.khalishpur
C000516,2025-12-31 19:01:24+00:00,D000654,False,dhaka.dhanmondi
C000788,2025-12-31 19:01:43+00:00,D000987,True,chattogram.halishahar
C000499,2025-12-31 19:03:00+00:00,D000634,True,sylhet.ambar-khana
C000981,2025-12-31 19:05:13+00:00,D001212,True,mymensingh.charpara
C000897,2025-12-31 19:05:46+00:00,D001112,True,chattogram.halishahar
C000182,2025-12-31 19:10:24+00:00,D000249,True,chattogram.halishahar
C000239,2025-12-31 19:12:08+00:00,D000320,True,sylhet.zindabazar
C000667,2025-12-31 19:14:15+00:00,D000835,True,sylhet.zindabazar
C000423,2025-12-31 19:18:38+00:00,D000546,True,sylhet.ambar-khana
C000284,2025-12-31 19:24:24+00:00,D000372,True,sylhet.south-surma
C000899,2025-12-31 19:24:53+00:00,D001116,True,dhaka.gulshan
C000163,2025-12-31 19:24:58+00:00,D000226,True,rajshahi.boalia
C000324,2025-12-31 19:27:51+00:00,D000424,True,mymensingh.kewatkhali
C000894,2025-12-31 19:34:55+00:00,D001108,True,dhaka.gulshan
C000554,2025-12-31 19:41:49+00:00,D000702,True,chattogram.halishahar
C000978,2025-12-31 19:51:34+00:00,D001208,True,mymensingh.ganginarpar
C000322,2025-12-31 19:53:18+00:00,D000422,True,rajshahi.motihar
C000673,2025-12-31 19:54:51+00:00,D000842,True,dhaka.dhanmondi
C000185,2025-12-31 20:02:43+00:00,D000254,True,dhaka.dhanmondi
C000472,2025-12-31 20:04:20+00:00,D000603,True,dhaka.mirpur
C000017,2025-12-31 20:04:51+00:00,D000052,False,chattogram.agrabad
C000326,2025-12-31 20:07:32+00:00,D000427,True,sylhet.ambar-khana
C000185,2025-12-31 20:08:47+00:00,D000254,True,dhaka.uttara
C000455,2025-12-31 20:16:35+00:00,D000582,True,chattogram.agrabad
C000444,2025-12-31 20:18:01+00:00,D000571,True,chattogram.pahartali
C000818,2025-12-31 20:20:14+00:00,D001020,False,chattogram.agrabad
C000333,2025-12-31 20:25:08+00:00,D000436,True,mymensingh.ganginarpar
C000535,2025-12-31 20:28:55+00:00,D000678,True,barishal.band-road
C000779,2025-12-31 20:28:55+00:00,D000975,True,dhaka.mirpur
C000129,2025-12-31 20:34:29+00:00,D000185,True,dhaka.mirpur
C000983,2025-12-31 20:55:07+00:00,D001214,True,chattogram.pahartali
C000367,2025-12-31 20:55:32+00:00,D000478,True,barishal.natun-bazar
C000626,2025-12-31 20:59:48+00:00,D000786,True,mymensingh.ganginarpar
C000738,2025-12-31 21:01:29+00:00,D000924,True,chattogram.halishahar
C000779,2025-12-31 21:01:30+00:00,D000975,True,dhaka.dhanmondi
C000791,2025-12-31 21:05:31+00:00,D000990,True,dhaka.mirpur
C000838,2025-12-31 21:08:08+00:00,D001041,True,rajshahi.boalia
C000834,2025-12-31 21:13:20+00:00,D001037,True,dhaka.uttara
C000959,2025-12-31 21:17:26+00:00,D001187,True,rangpur.darshana
C000569,2025-12-31 21:17:37+00:00,D000718,True,chattogram.pahartali
C000182,2025-12-31 21:22:51+00:00,D000249,False,chattogram.pahartali
C000985,2025-12-31 21:27:30+00:00,D001217,True,dhaka.mirpur
C000834,2025-12-31 21:28:26+00:00,D001037,True,dhaka.gulshan
C000985,2025-12-31 21:28:43+00:00,D001217,True,dhaka.dhanmondi
C000856,2025-12-31 21:29:16+00:00,D001063,True,dhaka.gulshan
C000272,2025-12-31 21:35:38+00:00,D000359,True,dhaka.mirpur
C000295,2025-12-31 21:40:53+00:00,D000385,True,rangpur.mahiganj
C000895,2025-12-31 21:44:19+00:00,D001110,True,dhaka.uttara
C000978,2025-12-31 21:44:40+00:00,D001208,True,mymensingh.kewatkhali
C000304,2025-12-31 21:58:07+00:00,D000398,False,khulna.daulatpur
C000169,2025-12-31 22:02:41+00:00,D000234,True,sylhet.zindabazar
C000851,2025-12-31 22:02:45+00:00,D001056,True,chattogram.pahartali
C000754,2025-12-31 22:03:54+00:00,D000944,True,rajshahi.boalia
C000876,2025-12-31 22:05:56+00:00,D001083,True,barishal.band-road
C000890,2025-12-31 22:11:41+00:00,D001104,True,dhaka.uttara
C000725,2025-12-31 22:12:40+00:00,D000909,False,chattogram.agrabad
C000306,2025-12-31 22:14:30+00:00,D000400,True,dhaka.dhanmondi
C000494,2025-12-31 22:15:27+00:00,D000628,True,khulna.daulatpur
C000764,2025-12-31 22:19:12+00:00,D000957,True,dhaka.mirpur
C000710,2025-12-31 22:20:02+00:00,D000892,False,dhaka.gulshan
C000047,2025-12-31 22:20:47+00:00,D000086,True,dhaka.uttara
C000876,2025-12-31 22:21:04+00:00,D001083,True,barishal.natun-bazar
C000277,2025-12-31 22:21:12+00:00,D000365,False,sylhet.south-surma
C000490,2025-12-31 22:21:18+00:00,D000623,True,barishal.band-road
C000747,2025-12-31 22:27:32+00:00,D000936,True,chattogram.agrabad
C000357,2025-12-31 22:30:05+00:00,D000465,False,dhaka.uttara
C000779,2025-12-31 22:31:10+00:00,D000975,True,dhaka.dhanmondi
C000455,2025-12-31 22:32:50+00:00,D000582,True,chattogram.halishahar
C000082,2025-12-31 22:32:53+00:00,D000130,True,dhaka.gulshan
C000325,2025-12-31 22:35:36+00:00,D000426,True,dhaka.uttara
C000941,2025-12-31 22:38:20+00:00,D001166,True,dhaka.dhanmondi
C000978,2025-12-31 22:44:48+00:00,D001208,True,mymensingh.kewatkhali
C000897,2025-12-31 22:49:55+00:00,D001112,True,chattogram.agrabad
C000265,2025-12-31 22:49:56+00:00,D000351,True,dhaka.mirpur
C000182,2025-12-31 22:50:49+00:00,D000249,True,chattogram.halishahar
C000948,2025-12-31 22:51:58+00:00,D001175,True,chattogram.pahartali
C000425,2025-12-31 22:53:51+00:00,D000548,True,sylhet.zindabazar
C000288,2025-12-31 22:56:22+00:00,D000376,True,khulna.daulatpur
C000272,2025-12-31 23:10:35+00:00,D000359,True,dhaka.uttara
C000587,2025-12-31 23:16:27+00:00,D000739,True,chattogram.agrabad
C000050,2025-12-31 23:18:17+00:00,D000089,False,rangpur.darshana
C000333,2025-12-31 23:20:37+00:00,D000436,True,mymensingh.ganginarpar
C000838,2025-12-31 23:24:33+00:00,D001041,True,rajshahi.boalia
C000357,2025-12-31 23:25:07+00:00,D000465,True,dhaka.uttara
C000242,2025-12-31 23:26:59+00:00,D000323,True,rajshahi.motihar
C000021,2025-12-31 23:38:36+00:00,D000056,True,chattogram.pahartali
C000985,2025-12-31 23:39:03+00:00,D001217,False,dhaka.gulshan
C000815,2025-12-31 23:44:38+00:00,D001017,True,dhaka.gulshan
C000023,2025-12-31 23:48:16+00:00,D000059,True,dhaka.mirpur
C000380,2025-12-31 23:48:18+00:00,D000494,True,chattogram.halishahar
C000494,2025-12-31 23:48:45+00:00,D000628,True,khulna.daulatpur
C000754,2025-12-31 23:49:27+00:00,D001303,False,rajshahi.motihar
C000754,2025-12-31 23:49:56+00:00,D001303,False,rajshahi.motihar
C000435,2025-12-31 23:52:33+00:00,D000562,True,dhaka.dhanmondi
C000897,2025-12-31 23:55:30+00:00,D001112,True,chattogram.pahartali
C000865,2025-12-31 23:56:23+00:00,D001072,True,chattogram.halishahar
C000754,2025-12-31 23:57:16+00:00,D001303,False,rajshahi.motihar
C000402,2025-12-31 23:57:27+00:00,D000522,True,rangpur.mahiganj
C000978,2025-12-31 23:58:55+00:00,D001208,True,mymensingh.charpara
C000754,2025-12-31 23:59:17+00:00,D001303,True,rajshahi.motihar
C000569,2025-12-31 23:59:20+00:00,D000718,True,chattogram.halishahar
C000521,2025-12-31 23:59:23+00:00,D000659,True,dhaka.dhanmondi
C000455,2026-01-01 00:01:34+00:00,D000582,True,chattogram.agrabad
C000403,2026-01-01 00:05:40+00:00,D000523,True,dhaka.uttara
C000495,2026-01-01 00:07:22+00:00,D000629,True,mymensingh.kewatkhali
C000538,2026-01-01 00:10:24+00:00,D000682,True,dhaka.uttara
C000978,2026-01-01 00:14:58+00:00,D001208,True,mymensingh.charpara
C000856,2026-01-01 00:15:26+00:00,D001063,False,dhaka.dhanmondi
C000531,2026-01-01 00:15:41+00:00,D000673,True,dhaka.uttara
C000054,2026-01-01 00:17:33+00:00,D000094,True,khulna.daulatpur
C000652,2026-01-01 00:19:33+00:00,D000817,True,barishal.rupatali
C000288,2026-01-01 00:20:43+00:00,D000376,True,khulna.sonadanga
C000105,2026-01-01 00:21:25+00:00,D000157,False,dhaka.dhanmondi
C000816,2026-01-01 00:23:35+00:00,D001018,True,sylhet.south-surma
C000686,2026-01-01 00:25:51+00:00,D000857,True,khulna.daulatpur
C000850,2026-01-01 00:26:27+00:00,D001055,False,rajshahi.boalia
C000467,2026-01-01 00:29:44+00:00,D000596,True,dhaka.uttara
C000897,2026-01-01 00:30:03+00:00,D001112,True,chattogram.halishahar
C000660,2026-01-01 00:32:35+00:00,D000828,True,dhaka.dhanmondi
C000968,2026-01-01 00:32:44+00:00,D001198,True,sylhet.south-surma
C000505,2026-01-01 00:33:49+00:00,D000641,True,dhaka.gulshan
C000813,2026-01-01 00:34:39+00:00,D001015,True,sylhet.south-surma
C000587,2026-01-01 00:36:10+00:00,D000739,True,chattogram.pahartali
C000390,2026-01-01 00:36:35+00:00,D000507,True,chattogram.pahartali
C000978,2026-01-01 00:38:51+00:00,D001208,True,mymensingh.kewatkhali
C000271,2026-01-01 00:47:11+00:00,D000358,True,dhaka.gulshan
C000521,2026-01-01 00:48:31+00:00,D000659,True,dhaka.mirpur
C000731,2026-01-01 00:51:32+00:00,D000916,True,rangpur.darshana
C000981,2026-01-01 00:53:11+00:00,D001212,True,mymensingh.ganginarpar
C000035,2026-01-01 00:55:36+00:00,D000072,True,barishal.rupatali
C000981,2026-01-01 00:56:50+00:00,D001212,True,mymensingh.charpara
C000627,2026-01-01 00:57:17+00:00,D000787,True,dhaka.uttara
C000468,2026-01-01 00:59:34+00:00,D000597,True,rangpur.mahiganj
C000333,2026-01-01 01:00:25+00:00,D000436,True,mymensingh.kewatkhali
C000836,2026-01-01 01:01:05+00:00,D001039,True,khulna.sonadanga
C000058,2026-01-01 01:02:16+00:00,D000100,False,dhaka.gulshan
C000290,2026-01-01 01:03:39+00:00,D000378,True,chattogram.pahartali
C000978,2026-01-01 01:04:39+00:00,D001208,True,mymensingh.ganginarpar
C000473,2026-01-01 01:06:59+00:00,D000604,True,dhaka.uttara
C000015,2026-01-01 01:10:55+00:00,D000049,False,barishal.natun-bazar
C000050,2026-01-01 01:12:17+00:00,D000089,True,rangpur.jahaj-company
C000725,2026-01-01 01:13:05+00:00,D000909,True,chattogram.pahartali
C000455,2026-01-01 01:13:52+00:00,D000582,True,chattogram.agrabad
C000160,2026-01-01 01:15:43+00:00,D000221,True,khulna.daulatpur
C000001,2026-01-01 01:17:05+00:00,D000031,True,barishal.band-road
C000198,2026-01-01 01:17:23+00:00,D000267,True,dhaka.uttara
C000611,2026-01-01 01:17:33+00:00,D000771,True,chattogram.halishahar
C000941,2026-01-01 01:21:59+00:00,D001166,True,dhaka.dhanmondi
C000701,2026-01-01 01:22:06+00:00,D000880,True,khulna.daulatpur
C000378,2026-01-01 01:26:15+00:00,D000491,True,mymensingh.charpara
C000779,2026-01-01 01:27:38+00:00,D000975,True,dhaka.mirpur
C000402,2026-01-01 01:27:42+00:00,D000522,True,rangpur.darshana
C000978,2026-01-01 01:28:04+00:00,D001208,False,mymensingh.kewatkhali
C000645,2026-01-01 01:29:56+00:00,D000808,True,sylhet.south-surma
C000172,2026-01-01 01:33:47+00:00,D000237,False,dhaka.mirpur
C000646,2026-01-01 01:34:08+00:00,D000810,True,dhaka.mirpur
C000046,2026-01-01 01:35:11+00:00,D000085,True,khulna.daulatpur
C000451,2026-01-01 01:35:38+00:00,D000578,False,dhaka.uttara
C000357,2026-01-01 01:35:48+00:00,D000465,True,dhaka.dhanmondi
C000747,2026-01-01 01:37:35+00:00,D000936,True,chattogram.pahartali
C000322,2026-01-01 01:41:08+00:00,D000422,True,rajshahi.boalia
C000599,2026-01-01 01:42:07+00:00,D000754,True,dhaka.gulshan
C000151,2026-01-01 01:42:49+00:00,D000209,True,barishal.rupatali
C000490,2026-01-01 01:45:00+00:00,D000623,True,barishal.natun-bazar
C000121,2026-01-01 01:46:14+00:00,D000176,True,rajshahi.motihar
C000571,2026-01-01 01:46:47+00:00,D000720,True,sylhet.ambar-khana
C000978,2026-01-01 01:49:05+00:00,D001208,True,mymensingh.charpara
C000325,2026-01-01 01:49:51+00:00,D000426,True,dhaka.dhanmondi
C000303,2026-01-01 01:52:10+00:00,D000396,False,dhaka.dhanmondi
C000337,2026-01-01 01:55:50+00:00,D000441,True,sylhet.zindabazar
C000498,2026-01-01 01:58:24+00:00,D000633,True,dhaka.gulshan
C000702,2026-01-01 01:59:38+00:00,D000881,True,sylhet.ambar-khana
C000867,2026-01-01 02:05:15+00:00,D001074,True,dhaka.dhanmondi
C000313,2026-01-01 02:05:27+00:00,D000412,True,rangpur.darshana
C000313,2026-01-01 02:06:23+00:00,D000412,False,chattogram.pahartali
C000146,2026-01-01 02:08:29+00:00,D000203,True,dhaka.mirpur
C000813,2026-01-01 02:08:39+00:00,D001015,False,sylhet.ambar-khana
C000788,2026-01-01 02:08:56+00:00,D000987,False,chattogram.pahartali
C000553,2026-01-01 02:10:38+00:00,D000700,True,chattogram.halishahar
C000162,2026-01-01 02:12:06+00:00,D000224,True,rangpur.jahaj-company
C000863,2026-01-01 02:12:59+00:00,D001070,True,dhaka.mirpur
C000899,2026-01-01 02:16:39+00:00,D001116,True,dhaka.mirpur
C000731,2026-01-01 02:17:32+00:00,D000916,True,rangpur.jahaj-company
C000587,2026-01-01 02:18:33+00:00,D000739,True,chattogram.agrabad
C000496,2026-01-01 02:18:46+00:00,D000631,True,chattogram.agrabad
C000845,2026-01-01 02:25:47+00:00,D001049,True,mymensingh.ganginarpar
C000353,2026-01-01 02:26:40+00:00,D000461,True,dhaka.gulshan
C000257,2026-01-01 02:28:01+00:00,D000342,True,chattogram.agrabad
C000627,2026-01-01 02:29:47+00:00,D000787,True,dhaka.dhanmondi
C000357,2026-01-01 02:34:12+00:00,D000465,True,dhaka.uttara
C000808,2026-01-01 02:35:48+00:00,D001009,False,sylhet.zindabazar
C000400,2026-01-01 02:36:12+00:00,D000519,True,khulna.daulatpur
C000094,2026-01-01 02:36:24+00:00,D000146,True,chattogram.halishahar
C000587,2026-01-01 02:37:08+00:00,D000739,True,chattogram.agrabad
C000987,2026-01-01 02:38:27+00:00,D001220,True,dhaka.mirpur
C000473,2026-01-01 02:41:12+00:00,D000604,True,dhaka.gulshan
C000162,2026-01-01 02:42:34+00:00,D000224,True,rangpur.jahaj-company
C000146,2026-01-01 02:46:46+00:00,D000203,True,dhaka.uttara
C000416,2026-01-01 02:46:58+00:00,D000537,False,khulna.sonadanga
C000357,2026-01-01 02:47:28+00:00,D000465,True,dhaka.mirpur
C000751,2026-01-01 02:50:00+00:00,D000940,True,dhaka.mirpur
C000002,2026-01-01 02:51:11+00:00,D000033,True,barishal.band-road
C000858,2026-01-01 02:51:48+00:00,D001065,True,sylhet.south-surma
C000642,2026-01-01 02:51:52+00:00,D000805,True,chattogram.pahartali
C000699,2026-01-01 02:51:54+00:00,D001358,False,chattogram.agrabad
C000699,2026-01-01 02:52:30+00:00,D001358,False,chattogram.agrabad
C000941,2026-01-01 02:52:52+00:00,D001166,True,dhaka.gulshan
C000793,2026-01-01 02:53:41+00:00,D000993,True,rangpur.mahiganj
C000272,2026-01-01 02:57:50+00:00,D000359,True,dhaka.uttara
C000699,2026-01-01 02:58:14+00:00,D001358,False,chattogram.agrabad
C000038,2026-01-01 03:00:22+00:00,D000075,True,chattogram.pahartali
C000754,2026-01-01 03:00:32+00:00,D000944,True,rajshahi.boalia
C000303,2026-01-01 03:03:21+00:00,D000396,True,dhaka.mirpur
C000361,2026-01-01 03:04:03+00:00,D000470,True,chattogram.agrabad
C000369,2026-01-01 03:04:39+00:00,D000480,True,khulna.daulatpur
C000699,2026-01-01 03:08:18+00:00,D001358,True,chattogram.agrabad
C000699,2026-01-01 03:08:51+00:00,D001358,False,chattogram.agrabad
C000127,2026-01-01 03:14:17+00:00,D000183,True,dhaka.uttara
C000451,2026-01-01 03:14:58+00:00,D000578,False,dhaka.dhanmondi
C000493,2026-01-01 03:16:31+00:00,D000627,True,chattogram.agrabad
C000402,2026-01-01 03:17:12+00:00,D000522,True,rangpur.jahaj-company
C000454,2026-01-01 03:17:30+00:00,D000581,True,dhaka.gulshan
C000013,2026-01-01 03:17:55+00:00,D000047,True,chattogram.halishahar
C000422,2026-01-01 03:19:13+00:00,D000545,True,dhaka.uttara
C000205,2026-01-01 03:24:00+00:00,D000276,True,sylhet.zindabazar
C000162,2026-01-01 03:30:35+00:00,D000224,False,rangpur.jahaj-company
C000931,2026-01-01 03:32:01+00:00,D001155,True,dhaka.uttara
C000146,2026-01-01 03:32:39+00:00,D000203,True,dhaka.mirpur
C000242,2026-01-01 03:33:19+00:00,D000323,True,rajshahi.shaheb-bazar
C000295,2026-01-01 03:33:53+00:00,D000385,True,rangpur.jahaj-company
C000882,2026-01-01 03:35:37+00:00,D001093,True,sylhet.south-surma
C000367,2026-01-01 03:37:48+00:00,D000478,True,mymensingh.ganginarpar
C000793,2026-01-01 03:38:10+00:00,D000993,True,rangpur.darshana
C000529,2026-01-01 03:38:42+00:00,D000671,True,khulna.sonadanga
C000784,2026-01-01 03:38:42+00:00,D000982,True,rangpur.darshana
C000426,2026-01-01 03:40:01+00:00,D000549,True,dhaka.dhanmondi
C000050,2026-01-01 03:40:04+00:00,D000089,True,rangpur.darshana
C000709,2026-01-01 03:40:25+00:00,D000891,True,mymensingh.charpara
C000234,2026-01-01 03:42:07+00:00,D000314,True,khulna.daulatpur
C000897,2026-01-01 03:46:10+00:00,D001112,True,chattogram.halishahar
C000530,2026-01-01 03:46:36+00:00,D001364,False,rajshahi.boalia
C000001,2026-01-01 03:47:08+00:00,D000031,True,barishal.natun-bazar
C000015,2026-01-01 03:48:08+00:00,D000049,True,barishal.band-road
C000956,2026-01-01 03:49:03+00:00,D001184,True,dhaka.gulshan
C000863,2026-01-01 03:50:25+00:00,D001070,True,dhaka.gulshan
C000357,2026-01-01 03:51:13+00:00,D000465,True,dhaka.mirpur
C000598,2026-01-01 03:51:27+00:00,D000753,True,dhaka.gulshan
C000530,2026-01-01 03:54:36+00:00,D001364,False,rajshahi.boalia
C000499,2026-01-01 03:54:52+00:00,D000634,True,sylhet.zindabazar
C000530,2026-01-01 03:59:37+00:00,D001364,True,rajshahi.boalia
C000530,2026-01-01 03:59:42+00:00,D001364,False,rajshahi.boalia
C000114,2026-01-01 04:00:21+00:00,D000167,False,dhaka.mirpur
C000884,2026-01-01 04:01:42+00:00,D001097,True,sylhet.south-surma
C000207,2026-01-01 04:02:41+00:00,D000279,True,chattogram.agrabad
C000272,2026-01-01 04:02:44+00:00,D000359,True,dhaka.gulshan
C000607,2026-01-01 04:06:08+00:00,D000767,True,dhaka.uttara
C000509,2026-01-01 04:07:11+00:00,D000646,False,rajshahi.motihar
C000212,2026-01-01 04:07:34+00:00,D000284,True,rangpur.jahaj-company
C000652,2026-01-01 04:08:33+00:00,D000817,True,barishal.natun-bazar
C000734,2026-01-01 04:09:43+00:00,D000919,True,chattogram.pahartali
C000295,2026-01-01 04:10:01+00:00,D000385,True,rangpur.darshana
C000003,2026-01-01 04:10:32+00:00,D000034,True,rangpur.mahiganj
C000658,2026-01-01 04:11:20+00:00,D000825,True,barishal.band-road
C000064,2026-01-01 04:12:03+00:00,D000109,True,khulna.khalishpur
C000857,2026-01-01 04:12:35+00:00,D001064,True,sylhet.ambar-khana
C000587,2026-01-01 04:14:41+00:00,D000739,True,chattogram.agrabad
C000731,2026-01-01 04:15:32+00:00,D000916,True,rangpur.jahaj-company
C000426,2026-01-01 04:16:07+00:00,D000549,True,dhaka.mirpur
C000731,2026-01-01 04:17:04+00:00,D000916,True,rangpur.jahaj-company
C000638,2026-01-01 04:17:56+00:00,D000801,True,barishal.band-road
C000497,2026-01-01 04:18:44+00:00,D000632,True,sylhet.zindabazar
C000686,2026-01-01 04:21:51+00:00,D000857,False,khulna.daulatpur
C000587,2026-01-01 04:23:57+00:00,D000739,True,chattogram.agrabad
C000856,2026-01-01 04:24:58+00:00,D001063,True,dhaka.uttara
C000264,2026-01-01 04:26:07+00:00,D000349,True,rangpur.darshana
C000279,2026-01-01 04:27:01+00:00,D000367,True,chattogram.halishahar
C000158,2026-01-01 04:34:10+00:00,D000217,True,khulna.sonadanga
C000673,2026-01-01 04:35:37+00:00,D000842,False,dhaka.gulshan
C000266,2026-01-01 04:35:38+00:00,D000353,True,dhaka.uttara
C000956,2026-01-01 04:37:58+00:00,D001184,True,dhaka.gulshan
C000352,2026-01-01 04:40:30+00:00,D000460,True,sylhet.zindabazar
C000479,2026-01-01 04:40:46+00:00,D000610,True,dhaka.mirpur
C000735,2026-01-01 04:41:03+00:00,D001334,False,mymensingh.charpara
C000243,2026-01-01 04:42:47+00:00,D000325,True,chattogram.agrabad
C000630,2026-01-01 04:44:49+00:00,D000790,True,khulna.khalishpur
C000935,2026-01-01 04:44:54+00:00,D001160,True,dhaka.gulshan
C000540,2026-01-01 04:45:02+00:00,D000684,True,dhaka.dhanmondi
C000892,2026-01-01 04:45:18+00:00,D001106,True,dhaka.mirpur
C000735,2026-01-01 04:47:06+00:00,D001334,False,mymensingh.charpara
C000153,2026-01-01 04:47:53+00:00,D000211,True,sylhet.zindabazar
C000735,2026-01-01 04:49:19+00:00,D001334,True,mymensingh.charpara
C000901,2026-01-01 04:52:26+00:00,D001119,True,chattogram.halishahar
C000922,2026-01-01 04:52:34+00:00,D001145,True,barishal.rupatali
C000272,2026-01-01 04:53:36+00:00,D000359,True,dhaka.dhanmondi
C000788,2026-01-01 04:55:54+00:00,D000987,True,chattogram.halishahar
C000882,2026-01-01 04:56:46+00:00,D001093,False,sylhet.zindabazar
C000227,2026-01-01 04:56:51+00:00,D000305,True,dhaka.dhanmondi
C000535,2026-01-01 04:57:23+00:00,D000678,True,barishal.natun-bazar
C000444,2026-01-01 04:59:54+00:00,D000571,True,chattogram.agrabad
C000570,2026-01-01 04:59:58+00:00,D000719,True,chattogram.pahartali
C000499,2026-01-01 05:01:21+00:00,D000634,True,sylhet.south-surma
C000331,2026-01-01 05:02:21+00:00,D000433,True,sylhet.zindabazar
C000663,2026-01-01 05:03:07+00:00,D000831,True,dhaka.mirpur
C000981,2026-01-01 05:03:43+00:00,D001212,True,mymensingh.kewatkhali
C000295,2026-01-01 05:06:09+00:00,D000385,False,rangpur.jahaj-company
C000230,2026-01-01 05:06:56+00:00,D000309,True,barishal.natun-bazar
C000325,2026-01-01 05:07:26+00:00,D000426,True,dhaka.gulshan
C000648,2026-01-01 05:10:55+00:00,D000812,True,dhaka.dhanmondi
C000349,2026-01-01 05:12:45+00:00,D000456,True,sylhet.ambar-khana
C000499,2026-01-01 05:14:27+00:00,D000634,False,sylhet.ambar-khana
C000435,2026-01-01 05:14:57+00:00,D000562,True,dhaka.gulshan
C000130,2026-01-01 05:15:24+00:00,D000186,True,rangpur.darshana
C000913,2026-01-01 05:15:50+00:00,D001134,True,barishal.rupatali
C000291,2026-01-01 05:15:55+00:00,D000380,False,chattogram.agrabad
C000901,2026-01-01 05:17:08+00:00,D001119,True,chattogram.halishahar
C000818,2026-01-01 05:17:33+00:00,D001020,True,chattogram.agrabad
C000601,2026-01-01 05:20:45+00:00,D000757,True,dhaka.mirpur
C000615,2026-01-01 05:22:55+00:00,D000775,True,mymensingh.charpara
C000613,2026-01-01 05:24:05+00:00,D000773,True,dhaka.gulshan
C000265,2026-01-01 05:26:02+00:00,D000351,True,dhaka.dhanmondi
C000705,2026-01-01 05:26:03+00:00,D000884,True,rangpur.jahaj-company
C000084,2026-01-01 05:28:14+00:00,D000132,True,dhaka.uttara
C000422,2026-01-01 05:29:08+00:00,D000545,True,rajshahi.shaheb-bazar
C000893,2026-01-01 05:30:24+00:00,D001107,False,dhaka.uttara
C000272,2026-01-01 05:31:40+00:00,D000359,True,dhaka.gulshan
C000269,2026-01-01 05:32:37+00:00,D000356,True,khulna.sonadanga
C000023,2026-01-01 05:32:42+00:00,D000059,True,dhaka.dhanmondi
C000777,2026-01-01 05:33:30+00:00,D000973,True,chattogram.pahartali
C000627,2026-01-01 05:33:44+00:00,D000787,True,dhaka.gulshan
C000775,2026-01-01 05:34:09+00:00,D000971,True,dhaka.gulshan
C000913,2026-01-01 05:38:27+00:00,D001134,True,barishal.natun-bazar
C000348,2026-01-01 05:38:37+00:00,D000455,True,rajshahi.boalia
C000787,2026-01-01 05:39:11+00:00,D000986,True,khulna.sonadanga
C000384,2026-01-01 05:39:13+00:00,D000500,True,rajshahi.motihar
C000496,2026-01-01 05:39:37+00:00,D000631,True,chattogram.agrabad
C000630,2026-01-01 05:41:13+00:00,D000790,True,khulna.daulatpur
C000432,2026-01-01 05:42:36+00:00,D000557,True,chattogram.pahartali
C000999,2026-01-01 05:43:58+00:00,D001234,True,chattogram.pahartali
C000272,2026-01-01 05:44:11+00:00,D000359,True,dhaka.gulshan
C000752,2026-01-01 05:45:02+00:00,D000942,True,rajshahi.boalia
C000460,2026-01-01 05:45:21+00:00,D000587,True,barishal.rupatali
C000664,2026-01-01 05:47:02+00:00,D000832,True,dhaka.dhanmondi
C000482,2026-01-01 05:50:26+00:00,D000614,True,khulna.sonadanga
C000521,2026-01-01 05:50:26+00:00,D000659,True,dhaka.dhanmondi
C000831,2026-01-01 05:50:29+00:00,D001034,True,rajshahi.motihar
C000386,2026-01-01 05:51:34+00:00,D000503,True,chattogram.agrabad
C000731,2026-01-01 05:52:39+00:00,D000916,True,rangpur.mahiganj
C000407,2026-01-01 05:52:57+00:00,D000527,True,sylhet.zindabazar
C000038,2026-01-01 05:54:41+00:00,D000075,True,chattogram.halishahar
C000163,2026-01-01 05:56:16+00:00,D000226,False,rajshahi.motihar
C000169,2026-01-01 05:56:43+00:00,D000234,True,sylhet.south-surma
C000725,2026-01-01 05:58:53+00:00,D000909,True,chattogram.agrabad
C000838,2026-01-01 06:00:11+00:00,D001041,True,rajshahi.motihar
C000328,2026-01-01 06:00:19+00:00,D000429,True,chattogram.pahartali
C000808,2026-01-01 06:02:19+00:00,D001009,True,sylhet.ambar-khana
C000599,2026-01-01 06:02:50+00:00,D000754,False,dhaka.uttara
C000530,2026-01-01 06:03:45+00:00,D000672,True,dhaka.dhanmondi
C000122,2026-01-01 06:04:20+00:00,D000177,True,rajshahi.boalia
C000993,2026-01-01 06:06:38+00:00,D001227,True,chattogram.agrabad
C000486,2026-01-01 06:08:17+00:00,D000618,True,barishal.band-road
C000483,2026-01-01 06:08:54+00:00,D000615,True,khulna.sonadanga
C000590,2026-01-01 06:10:11+00:00,D000742,True,khulna.daulatpur
C000390,2026-01-01 06:10:53+00:00,D000507,True,chattogram.agrabad
C000981,2026-01-01 06:12:18+00:00,D001212,False,mymensingh.kewatkhali
C000556,2026-01-01 06:14:27+00:00,D000704,True,rangpur.jahaj-company
C000065,2026-01-01 06:15:12+00:00,D000110,True,chattogram.pahartali
