device_id,entity_id,first_seen_at,channel
D000001,A0001,2025-03-28 18:00:00+00:00,agent_terminal
D000002,A0002,2021-03-27 18:00:00+00:00,agent_terminal
D000003,A0003,2021-05-25 18:00:00+00:00,agent_terminal
D000004,A0004,2023-08-27 18:00:00+00:00,agent_terminal
D000005,A0005,2025-10-31 18:00:00+00:00,agent_terminal
D000006,A0006,2021-11-24 18:00:00+00:00,agent_terminal
D000007,A0007,2024-10-16 18:00:00+00:00,agent_terminal
D000008,A0008,2022-12-25 18:00:00+00:00,agent_terminal
D000009,A0009,2022-12-30 18:00:00+00:00,agent_terminal
D000010,A0010,2024-02-08 18:00:00+00:00,agent_terminal
D000011,A0011,2022-10-05 18:00:00+00:00,agent_terminal
D000012,A0012,2023-09-20 18:00:00+00:00,agent_terminal
D000013,A0013,2024-10-09 18:00:00+00:00,agent_terminal
D000014,A0014,2021-12-17 18:00:00+00:00,agent_terminal
D000015,A0015,2025-08-06 18:00:00+00:00,agent_terminal
D000016,A0016,2025-03-18 18:00:00+00:00,agent_terminal
D000017,A0017,2024-05-31 18:00:00+00:00,agent_terminal
D000018,A0018,2021-06-15 18:00:00+00:00,agent_terminal
D000019,A0019,2024-07-16 18:00:00+00:00,agent_terminal
D000020,A0020,2025-05-11 18:00:00+00:00,agent_terminal
D000021,A0021,2025-08-25 18:00:00+00:00,agent_terminal
D000022,A0022,2025-08-29 18:00:00+00:00,agent_terminal
D000023,A0023,2022-08-15 18:00:00+00:00,agent_terminal
D000024,A0024,2024-05-18 18:00:00+00:00,agent_terminal
D000025,A0025,2021-09-05 18:00:00+00:00,agent_terminal
D000026,A0026,2025-09-16 18:00:00+00:00,agent_terminal
D000027,A0027,2024-10-08 18:00:00+00:00,agent_terminal
D000028,A0028,2023-02-24 18:00:00+00:00,agent_terminal
D000029,A0029,2025-09-05 18:00:00+00:00,agent_terminal
D000030,A0030,2023-05-19 18:00:00+00:00,agent_terminal
D000031,C000001,2019-10-24 18:00:00+00:00,app
D000032,C000001,2026-03-28 18:00:00+00:00,app
D000033,C000002,2022-11-12 18:00:00+00:00,ussd
D000034,C000003,2021-11-04 18:00:00+00:00,app
D000035,C000003,2026-01-20 18:00:00+00:00,app
D000036,C000004,2024-08-07 18:00:00+00:00,ussd
D000037,C000005,2023-06-13 18:00:00+00:00,app
D000038,C000005,2026-03-04 18:00:00+00:00,app
D000039,C000006,2022-05-19 18:00:00+00:00,app
D000040,C000007,2019-08-16 18:00:00+00:00,app
D000041,C000008,2025-08-24 18:00:00+00:00,app
D000042,C000009,2019-11-04 18:00:00+00:00,app
D000043,C000010,2021-09-21 18:00:00+00:00,ussd
D000044,C000010,2026-03-19 18:00:00+00:00,ussd
D000045,C000011,2019-11-26 18:00:00+00:00,app
D000046,C000012,2025-09-07 18:00:00+00:00,ussd
D000047,C000013,2023-11-26 18:00:00+00:00,ussd
D000048,C000014,2023-02-15 18:00:00+00:00,app
D000049,C000015,2021-01-01 18:00:00+00:00,app
D000050,C000015,2026-03-03 18:00:00+00:00,app
D000051,C000016,2022-06-01 18:00:00+00:00,app
D000052,C000017,2019-07-15 18:00:00+00:00,app
D000053,C000018,2021-04-13 18:00:00+00:00,app
D000054,C000019,2026-01-13 18:00:00+00:00,app
D000055,C000020,2019-11-11 18:00:00+00:00,app
D000056,C000021,2020-10-19 18:00:00+00:00,ussd
D000057,C000022,2021-12-17 18:00:00+00:00,app
D000058,C000022,2026-02-22 18:00:00+00:00,app
D000059,C000023,2021-09-21 18:00:00+00:00,ussd
D000060,C000024,2026-01-17 18:00:00+00:00,ussd
D000061,C000025,2026-01-29 18:00:00+00:00,ussd
D000062,C000026,2024-07-08 18:00:00+00:00,app
D000063,C000027,2023-03-14 18:00:00+00:00,app
D000064,C000028,2026-01-13 18:00:00+00:00,app
D000065,C000029,2022-08-16 18:00:00+00:00,app
D000066,C000030,2023-01-14 18:00:00+00:00,app
D000067,C000031,2022-01-25 18:00:00+00:00,app
D000068,C000032,2020-12-29 18:00:00+00:00,app
D000069,C000032,2026-02-20 18:00:00+00:00,app
D000070,C000033,2026-02-05 18:00:00+00:00,ussd
D000071,C000034,2023-03-18 18:00:00+00:00,app
D000072,C000035,2025-11-30 18:00:00+00:00,app
D000073,C000036,2024-03-13 18:00:00+00:00,app
D000074,C000037,2019-01-31 18:00:00+00:00,app
D000075,C000038,2020-04-17 18:00:00+00:00,app
D000076,C000038,2026-02-15 18:00:00+00:00,app
D000077,C000039,2022-07-05 18:00:00+00:00,app
D000078,C000039,2026-02-25 18:00:00+00:00,app
D000079,C000040,2020-12-15 18:00:00+00:00,app
D000080,C000041,2022-02-12 18:00:00+00:00,app
D000081,C000042,2019-09-08 18:00:00+00:00,ussd
D000082,C000043,2019-12-04 18:00:00+00:00,app
D000083,C000044,2022-11-27 18:00:00+00:00,app
D000084,C000045,2022-04-20 18:00:00+00:00,ussd
D000085,C000046,2024-08-26 18:00:00+00:00,app
D000086,C000047,2020-07-22 18:00:00+00:00,app
D000087,C000048,2021-07-07 18:00:00+00:00,app
D000088,C000049,2020-05-06 18:00:00+00:00,app
D000089,C000050,2024-04-20 18:00:00+00:00,app
D000090,C000051,2023-09-24 18:00:00+00:00,app
D000091,C000051,2026-03-26 18:00:00+00:00,app
D000092,C000052,2022-10-27 18:00:00+00:00,app
D000093,C000053,2023-05-29 18:00:00+00:00,app
D000094,C000054,2021-04-20 18:00:00+00:00,app
D000095,C000055,2024-03-11 18:00:00+00:00,ussd
D000096,C000056,2023-12-19 18:00:00+00:00,app
D000097,C000056,2026-01-19 18:00:00+00:00,app
D000098,C000057,2025-03-03 18:00:00+00:00,app
D000099,C000057,2026-02-20 18:00:00+00:00,app
D000100,C000058,2020-02-19 18:00:00+00:00,app
D000101,C000058,2026-01-11 18:00:00+00:00,app
D000102,C000059,2020-03-06 18:00:00+00:00,app
D000103,C000060,2020-07-20 18:00:00+00:00,app
D000104,C000060,2026-01-27 18:00:00+00:00,app
D000105,C000061,2022-05-21 18:00:00+00:00,ussd
D000106,C000061,2026-01-15 18:00:00+00:00,ussd
D000107,C000062,2022-07-25 18:00:00+00:00,app
D000108,C000063,2019-08-28 18:00:00+00:00,app
D000109,C000064,2025-08-29 18:00:00+00:00,ussd
D000110,C000065,2023-06-27 18:00:00+00:00,app
D000111,C000066,2026-02-02 18:00:00+00:00,ussd
D000112,C000067,2023-06-21 18:00:00+00:00,app
D000113,C000068,2021-09-11 18:00:00+00:00,app
D000114,C000068,2026-01-04 18:00:00+00:00,app
D000115,C000069,2022-11-22 18:00:00+00:00,app
D000116,C000069,2026-01-08 18:00:00+00:00,app
D000117,C000070,2024-11-03 18:00:00+00:00,app
D000118,C000071,2021-11-07 18:00:00+00:00,ussd
D000119,C000072,2020-08-11 18:00:00+00:00,app
D000120,C000073,2020-11-01 18:00:00+00:00,ussd
D000121,C000074,2026-02-06 18:00:00+00:00,ussd
D000122,C000075,2019-07-24 18:00:00+00:00,app
D000123,C000076,2024-09-28 18:00:00+00:00,app
D000124,C000077,2025-02-17 18:00:00+00:00,ussd
D000125,C000078,2020-11-15 18:00:00+00:00,app
D000126,C000079,2022-07-14 18:00:00+00:00,ussd
D000127,C000079,2026-01-24 18:00:00+00:00,ussd
D000128,C000080,2023-01-28 18:00:00+00:00,app
D000129,C000081,2025-04-18 18:00:00+00:00,app
D000130,C000082,2021-04-06 18:00:00+00:00,app
D000131,C000083,2020-03-01 18:00:00+00:00,app
D000132,C000084,2023-05-30 18:00:00+00:00,ussd
D000133,C000084,2026-02-16 18:00:00+00:00,ussd
D000134,C000085,2025-10-28 18:00:00+00:00,app
D000135,C000085,2026-01-20 18:00:00+00:00,app
D000136,C000086,2022-02-02 18:00:00+00:00,app
D000137,C000087,2021-05-09 18:00:00+00:00,app
D000138,C000087,2026-01-05 18:00:00+00:00,app
D000139,C000088,2024-10-23 18:00:00+00:00,app
D000140,C000089,2024-05-11 18:00:00+00:00,app
D000141,C000090,2025-06-26 18:00:00+00:00,app
D000142,C000091,2022-01-22 18:00:00+00:00,app
D000143,C000092,2026-02-01 18:00:00+00:00,app
D000144,C000093,2023-11-29 18:00:00+00:00,app
D000145,C000093,2026-01-26 18:00:00+00:00,app
D000146,C000094,2023-05-29 18:00:00+00:00,app
D000147,C000095,2021-02-11 18:00:00+00:00,app
D000148,C000096,2026-01-23 18:00:00+00:00,app
D000149,C000097,2023-12-19 18:00:00+00:00,app
D000150,C000098,2020-03-21 18:00:00+00:00,app
D000151,C000099,2025-09-20 18:00:00+00:00,app
D000152,C000100,2026-01-08 18:00:00+00:00,ussd
D000153,C000101,2024-10-28 18:00:00+00:00,app
D000154,C000102,2019-09-26 18:00:00+00:00,app
D000155,C000103,2022-08-28 18:00:00+00:00,app
D000156,C000104,2026-02-06 18:00:00+00:00,app
D000157,C000105,2019-05-31 18:00:00+00:00,app
D000158,C000106,2025-03-07 18:00:00+00:00,app
D000159,C000107,2023-04-14 18:00:00+00:00,app
D000160,C000108,2024-08-31 18:00:00+00:00,app
D000161,C000109,2023-10-10 18:00:00+00:00,app
D000162,C000110,2024-03-02 18:00:00+00:00,app
D000163,C000111,2022-02-21 18:00:00+00:00,app
D000164,C000112,2026-01-13 18:00:00+00:00,app
D000165,C000113,2021-05-08 18:00:00+00:00,app
D000166,C000113,2026-01-19 18:00:00+00:00,app
D000167,C000114,2019-09-18 18:00:00+00:00,app
D000168,C000115,2020-08-20 18:00:00+00:00,app
D000169,C000116,2025-07-04 18:00:00+00:00,app
D000170,C000117,2023-02-18 18:00:00+00:00,app
D000171,C000118,2022-06-01 18:00:00+00:00,app
D000172,C000118,2026-02-21 18:00:00+00:00,app
D000173,C000119,2025-05-19 18:00:00+00:00,app
D000174,C000119,2026-02-13 18:00:00+00:00,app
D000175,C000120,2024-06-10 18:00:00+00:00,app
D000176,C000121,2024-04-09 18:00:00+00:00,ussd
D000177,C000122,2025-11-12 18:00:00+00:00,app
D000178,C000123,2021-05-17 18:00:00+00:00,ussd
D000179,C000124,2020-11-17 18:00:00+00:00,app
D000180,C000124,2026-01-22 18:00:00+00:00,app
D000181,C000125,2021-08-11 18:00:00+00:00,app
D000182,C000126,2020-03-15 18:00:00+00:00,app
D000183,C000127,2022-12-07 18:00:00+00:00,ussd
D000184,C000128,2019-07-27 18:00:00+00:00,app
D000185,C000129,2020-03-16 18:00:00+00:00,app
D000186,C000130,2025-01-17 18:00:00+00:00,app
D000187,C000130,2026-03-01 18:00:00+00:00,app
D000188,C000131,2019-05-31 18:00:00+00:00,app
D000189,C000132,2024-08-24 18:00:00+00:00,app
D000190,C000133,2021-03-18 18:00:00+00:00,app
D000191,C000134,2020-08-14 18:00:00+00:00,app
D000192,C000135,2024-10-12 18:00:00+00:00,app
D000193,C000136,2018-11-20 18:00:00+00:00,app
D000194,C000137,2019-05-12 18:00:00+00:00,app
D000195,C000138,2026-01-20 18:00:00+00:00,app
D000196,C000139,2021-03-11 18:00:00+00:00,app
D000197,C000140,2024-07-05 18:00:00+00:00,app
D000198,C000141,2023-08-24 18:00:00+00:00,app
D000199,C000142,2019-02-24 18:00:00+00:00,ussd
D000200,C000143,2026-02-01 18:00:00+00:00,app
D000201,C000144,2019-10-24 18:00:00+00:00,app
D000202,C000145,2021-10-08 18:00:00+00:00,app
D000203,C000146,2020-04-01 18:00:00+00:00,ussd
D000204,C000147,2022-07-19 18:00:00+00:00,app
D000205,C000147,2026-01-12 18:00:00+00:00,app
D000206,C000148,2022-05-19 18:00:00+00:00,app
D000207,C000149,2022-04-27 18:00:00+00:00,app
D000208,C000150,2022-07-31 18:00:00+00:00,app
D000209,C000151,2025-07-17 18:00:00+00:00,app
D000210,C000152,2026-01-01 18:00:00+00:00,ussd
D000211,C000153,2025-09-09 18:00:00+00:00,app
D000212,C000154,2026-01-09 18:00:00+00:00,app
D000213,C000155,2020-12-11 18:00:00+00:00,ussd
D000214,C000156,2020-06-26 18:00:00+00:00,app
D000215,C000157,2025-01-08 18:00:00+00:00,app
D000216,C000157,2026-01-07 18:00:00+00:00,app
D000217,C000158,2021-08-24 18:00:00+00:00,app
D000218,C000158,2026-03-16 18:00:00+00:00,app
D000219,C000159,2019-08-16 18:00:00+00:00,app
D000220,C000159,2026-01-10 18:00:00+00:00,app
D000221,C000160,2019-06-23 18:00:00+00:00,app
D000222,C000161,2020-08-19 18:00:00+00:00,app
D000223,C000161,2026-02-19 18:00:00+00:00,app
D000224,C000162,2021-12-04 18:00:00+00:00,app
D000225,C000162,2026-03-28 18:00:00+00:00,app
D000226,C000163,2022-05-28 18:00:00+00:00,ussd
D000227,C000164,2024-11-04 18:00:00+00:00,ussd
D000228,C000164,2026-02-11 18:00:00+00:00,ussd
D000229,C000165,2020-10-06 18:00:00+00:00,app
D000230,C000166,2021-06-13 18:00:00+00:00,app
D000231,C000167,2020-05-29 18:00:00+00:00,app
D000232,C000167,2026-02-23 18:00:00+00:00,app
D000233,C000168,2020-04-15 18:00:00+00:00,app
D000234,C000169,2021-12-22 18:00:00+00:00,app
D000235,C000170,2022-08-24 18:00:00+00:00,app
D000236,C000171,2022-01-04 18:00:00+00:00,ussd
D000237,C000172,2020-05-03 18:00:00+00:00,app
D000238,C000173,2021-10-14 18:00:00+00:00,app
D000239,C000174,2019-05-08 18:00:00+00:00,app
D000240,C000175,2024-10-26 18:00:00+00:00,app
D000241,C000176,2025-05-23 18:00:00+00:00,app
D000242,C000177,2024-08-07 18:00:00+00:00,app
D000243,C000177,2026-03-30 18:00:00+00:00,app
D000244,C000178,2020-06-26 18:00:00+00:00,app
D000245,C000179,2019-04-22 18:00:00+00:00,ussd
D000246,C000180,2021-10-08 18:00:00+00:00,app
D000247,C000180,2026-03-15 18:00:00+00:00,app
D000248,C000181,2023-08-27 18:00:00+00:00,ussd
D000249,C000182,2025-07-03 18:00:00+00:00,ussd
D000250,C000182,2026-02-12 18:00:00+00:00,ussd
D000251,C000183,2020-04-26 18:00:00+00:00,app
D000252,C000183,2026-02-15 18:00:00+00:00,app
D000253,C000184,2022-02-20 18:00:00+00:00,app
D000254,C000185,2020-10-12 18:00:00+00:00,app
D000255,C000186,2024-03-26 18:00:00+00:00,app
D000256,C000187,2021-01-19 18:00:00+00:00,app
D000257,C000188,2023-03-15 18:00:00+00:00,app
D000258,C000189,2022-07-29 18:00:00+00:00,app
D000259,C000190,2020-10-11 18:00:00+00:00,app
D000260,C000191,2024-07-18 18:00:00+00:00,ussd
D000261,C000192,2026-02-06 18:00:00+00:00,app
D000262,C000193,2020-11-07 18:00:00+00:00,app
D000263,C000194,2023-07-28 18:00:00+00:00,app
D000264,C000195,2024-10-24 18:00:00+00:00,app
D000265,C000196,2026-02-03 18:00:00+00:00,app
D000266,C000197,2024-10-07 18:00:00+00:00,app
D000267,C000198,2021-02-24 18:00:00+00:00,app
D000268,C000199,2022-04-29 18:00:00+00:00,app
D000269,C000199,2026-01-13 18:00:00+00:00,app
D000270,C000200,2024-04-02 18:00:00+00:00,ussd
D000271,C000201,2026-02-05 18:00:00+00:00,app
D000272,C000202,2020-02-02 18:00:00+00:00,ussd
D000273,C000203,2021-02-07 18:00:00+00:00,app
D000274,C000203,2026-02-03 18:00:00+00:00,app
D000275,C000204,2021-08-30 18:00:00+00:00,app
D000276,C000205,2021-04-27 18:00:00+00:00,app
D000277,C000206,2020-02-13 18:00:00+00:00,app
D000278,C000206,2026-02-02 18:00:00+00:00,app
D000279,C000207,2021-04-14 18:00:00+00:00,app
D000280,C000208,2025-02-17 18:00:00+00:00,app
D000281,C000209,2021-04-24 18:00:00+00:00,app
D000282,C000210,2023-08-13 18:00:00+00:00,app
D000283,C000211,2024-06-05 18:00:00+00:00,app
D000284,C000212,2024-05-17 18:00:00+00:00,app
D000285,C000213,2019-11-23 18:00:00+00:00,app
D000286,C000213,2026-02-05 18:00:00+00:00,app
D000287,C000214,2020-08-17 18:00:00+00:00,ussd
D000288,C000214,2026-02-22 18:00:00+00:00,ussd
D000289,C000215,2021-05-16 18:00:00+00:00,app
D000290,C000216,2022-11-19 18:00:00+00:00,ussd
D000291,C000217,2019-02-12 18:00:00+00:00,app
D000292,C000218,2021-02-14 18:00:00+00:00,app
D000293,C000218,2026-01-02 18:00:00+00:00,app
D000294,C000219,2021-03-25 18:00:00+00:00,app
D000295,C000219,2026-02-06 18:00:00+00:00,app
D000296,C000220,2018-12-15 18:00:00+00:00,ussd
D000297,C000221,2024-05-17 18:00:00+00:00,app
D000298,C000222,2025-06-03 18:00:00+00:00,app
D000299,C000222,2026-02-02 18:00:00+00:00,app
D000300,C000223,2020-12-19 18:00:00+00:00,app
D000301,C000223,2026-02-20 18:00:00+00:00,app
D000302,C000224,2021-04-09 18:00:00+00:00,app
D000303,C000225,2020-12-18 18:00:00+00:00,app
D000304,C000226,2023-05-11 18:00:00+00:00,app
D000305,C000227,2021-02-23 18:00:00+00:00,app
D000306,C000228,2019-12-04 18:00:00+00:00,app
D000307,C000228,2026-01-21 18:00:00+00:00,app
D000308,C000229,2019-10-21 18:00:00+00:00,app
D000309,C000230,2022-11-11 18:00:00+00:00,app
D000310,C000231,2019-08-17 18:00:00+00:00,ussd
D000311,C000232,2020-11-04 18:00:00+00:00,app
D000312,C000232,2026-02-11 18:00:00+00:00,app
D000313,C000233,2021-05-23 18:00:00+00:00,ussd
D000314,C000234,2022-04-25 18:00:00+00:00,ussd
D000315,C000235,2023-05-06 18:00:00+00:00,app
D000316,C000236,2023-12-31 18:00:00+00:00,app
D000317,C000236,2026-03-29 18:00:00+00:00,app
D000318,C000237,2024-05-13 18:00:00+00:00,app
D000319,C000238,2024-07-25 18:00:00+00:00,app
D000320,C000239,2024-05-28 18:00:00+00:00,ussd
D000321,C000240,2022-12-26 18:00:00+00:00,app
D000322,C000241,2022-11-02 18:00:00+00:00,app
D000323,C000242,2021-11-04 18:00:00+00:00,app
D000324,C000242,2026-03-18 18:00:00+00:00,app
D000325,C000243,2023-12-10 18:00:00+00:00,app
D000326,C000244,2024-12-26 18:00:00+00:00,app
D000327,C000245,2026-01-13 18:00:00+00:00,app
D000328,C000246,2022-09-24 18:00:00+00:00,ussd
D000329,C000247,2024-09-25 18:00:00+00:00,app
D000330,C000248,2022-07-21 18:00:00+00:00,app
D000331,C000249,2022-10-31 18:00:00+00:00,app
D000332,C000250,2024-09-27 18:00:00+00:00,app
D000333,C000251,2023-06-26 18:00:00+00:00,app
D000334,C000252,2024-11-15 18:00:00+00:00,app
D000335,C000253,2024-10-14 18:00:00+00:00,app
D000336,C000254,2023-09-10 18:00:00+00:00,app
D000337,C000254,2026-01-27 18:00:00+00:00,app
D000338,C000255,2021-06-05 18:00:00+00:00,app
D000339,C000255,2026-01-21 18:00:00+00:00,app
D000340,C000256,2025-08-30 18:00:00+00:00,app
D000341,C000256,2026-01-23 18:00:00+00:00,app
D000342,C000257,2022-03-11 18:00:00+00:00,app
D000343,C000258,2019-06-22 18:00:00+00:00,app
D000344,C000259,2019-05-12 18:00:00+00:00,app
D000345,C000260,2025-08-10 18:00:00+00:00,app
D000346,C000261,2021-05-21 18:00:00+00:00,app
D000347,C000262,2021-04-30 18:00:00+00:00,app
D000348,C000263,2018-11-25 18:00:00+00:00,app
D000349,C000264,2020-08-10 18:00:00+00:00,app
D000350,C000264,2026-01-25 18:00:00+00:00,app
D000351,C000265,2021-02-20 18:00:00+00:00,app
D000352,C000265,2026-03-16 18:00:00+00:00,app
D000353,C000266,2022-08-05 18:00:00+00:00,app
D000354,C000267,2020-03-09 18:00:00+00:00,app
D000355,C000268,2025-09-19 18:00:00+00:00,app
D000356,C000269,2025-10-22 18:00:00+00:00,app
D000357,C000270,2020-01-08 18:00:00+00:00,app
D000358,C000271,2024-08-29 18:00:00+00:00,app
D000359,C000272,2023-02-01 18:00:00+00:00,app
D000360,C000273,2021-01-21 18:00:00+00:00,app
D000361,C000273,2026-02-08 18:00:00+00:00,app
D000362,C000274,2020-08-28 18:00:00+00:00,app
D000363,C000275,2020-06-18 18:00:00+00:00,app
D000364,C000276,2020-03-27 18:00:00+00:00,app
D000365,C000277,2022-05-13 18:00:00+00:00,app
D000366,C000278,2026-01-24 18:00:00+00:00,app
D000367,C000279,2024-03-13 18:00:00+00:00,app
D000368,C000280,2019-05-28 18:00:00+00:00,app
D000369,C000281,2021-09-20 18:00:00+00:00,app
D000370,C000282,2022-08-05 18:00:00+00:00,app
D000371,C000283,2022-10-22 18:00:00+00:00,app
D000372,C000284,2019-09-12 18:00:00+00:00,app
D000373,C000285,2019-09-27 18:00:00+00:00,app
D000374,C000286,2019-10-14 18:00:00+00:00,app
D000375,C000287,2023-08-22 18:00:00+00:00,app
D000376,C000288,2024-07-31 18:00:00+00:00,app
D000377,C000289,2023-07-08 18:00:00+00:00,app
D000378,C000290,2020-06-04 18:00:00+00:00,app
D000379,C000290,2026-02-02 18:00:00+00:00,app
D000380,C000291,2024-03-12 18:00:00+00:00,app
D000381,C000292,2021-09-24 18:00:00+00:00,app
D000382,C000293,2019-09-28 18:00:00+00:00,app
D000383,C000294,2019-01-07 18:00:00+00:00,app
D000384,C000294,2026-01-06 18:00:00+00:00,app
D000385,C000295,2022-07-01 18:00:00+00:00,app
D000386,C000295,2026-02-02 18:00:00+00:00,app
D000387,C000296,2020-03-23 18:00:00+00:00,ussd
D000388,C000297,2025-06-03 18:00:00+00:00,app
D000389,C000298,2021-05-06 18:00:00+00:00,app
D000390,C000299,2023-09-25 18:00:00+00:00,app
D000391,C000299,2026-01-31 18:00:00+00:00,app
D000392,C000300,2019-11-26 18:00:00+00:00,app
D000393,C000300,2026-03-27 18:00:00+00:00,app
D000394,C000301,2022-08-09 18:00:00+00:00,app
D000395,C000302,2026-01-29 18:00:00+00:00,app
D000396,C000303,2022-10-29 18:00:00+00:00,app
D000397,C000303,2026-03-28 18:00:00+00:00,app
D000398,C000304,2020-10-22 18:00:00+00:00,app
D000399,C000305,2023-04-20 18:00:00+00:00,app
D000400,C000306,2020-01-04 18:00:00+00:00,app
