entity_id,kind,created_at,region,peer_group
A0001,agent,2025-03-28 18:00:00+00:00,sylhet,agent|sylhet|mid|established
A0002,agent,2021-03-27 18:00:00+00:00,mymensingh,agent|mymensingh|mid|veteran
A0003,agent,2021-05-25 18:00:00+00:00,chattogram,agent|chattogram|high|veteran
A0004,agent,2023-08-27 18:00:00+00:00,dhaka,agent|dhaka|mid|veteran
A0005,agent,2025-10-31 18:00:00+00:00,dhaka,agent|dhaka|low|new
A0006,agent,2021-11-24 18:00:00+00:00,dhaka,agent|dhaka|mid|veteran
A0007,agent,2024-10-16 18:00:00+00:00,dhaka,agent|dhaka|mid|established
A0008,agent,2022-12-25 18:00:00+00:00,rajshahi,agent|rajshahi|high|veteran
A0009,agent,2022-12-30 18:00:00+00:00,dhaka,agent|dhaka|mid|veteran
A0010,agent,2024-02-08 18:00:00+00:00,chattogram,agent|chattogram|mid|established
A0011,agent,2022-10-05 18:00:00+00:00,rajshahi,agent|rajshahi|high|veteran
A0012,agent,2023-09-20 18:00:00+00:00,khulna,agent|khulna|low|veteran
A0013,agent,2024-10-09 18:00:00+00:00,dhaka,agent|dhaka|mid|established
A0014,agent,2021-12-17 18:00:00+00:00,sylhet,agent|sylhet|low|veteran
A0015,agent,2025-08-06 18:00:00+00:00,rajshahi,agent|rajshahi|mid|new
A0016,agent,2025-03-18 18:00:00+00:00,sylhet,agent|sylhet|high|established
A0017,agent,2024-05-31 18:00:00+00:00,dhaka,agent|dhaka|low|established
A0018,agent,2021-06-15 18:00:00+00:00,dhaka,agent|dhaka|low|veteran
A0019,agent,2024-07-16 18:00:00+00:00,rangpur,agent|rangpur|low|established
A0020,agent,2025-05-11 18:00:00+00:00,chattogram,agent|chattogram|low|established
A0021,agent,2025-08-25 18:00:00+00:00,dhaka,agent|dhaka|low|new
A0022,agent,2025-08-29 18:00:00+00:00,chattogram,agent|chattogram|mid|new
A0023,agent,2022-08-15 18:00:00+00:00,rajshahi,agent|rajshahi|low|veteran
A0024,agent,2024-05-18 18:00:00+00:00,mymensingh,agent|mymensingh|mid|established
A0025,agent,2021-09-05 18:00:00+00:00,dhaka,agent|dhaka|high|veteran
A0026,agent,2025-09-16 18:00:00+00:00,rangpur,agent|rangpur|low|new
A0027,agent,2024-10-08 18:00:00+00:00,dhaka,agent|dhaka|low|established
A0028,agent,2023-02-24 18:00:00+00:00,khulna,agent|khulna|mid|veteran
A0029,agent,2025-09-05 18:00:00+00:00,khulna,agent|khulna|low|new
A0030,agent,2023-05-19 18:00:00+00:00,dhaka,agent|dhaka|low|veteran
C000001,customer,2019-10-24 18:00:00+00:00,barishal,cust|barishal|high
C000002,customer,2022-11-12 18:00:00+00:00,dhaka,cust|dhaka|low
C000003,customer,2021-11-04 18:00:00+00:00,rangpur,cust|rangpur|low
C000004,customer,2024-08-07 18:00:00+00:00,dhaka,cust|dhaka|high
C000005,customer,2023-06-13 18:00:00+00:00,barishal,cust|barishal|mid
C000006,customer,2022-05-19 18:00:00+00:00,rangpur,cust|rangpur|low
C000007,customer,2019-08-16 18:00:00+00:00,mymensingh,cust|mymensingh|low
C000008,customer,2025-08-24 18:00:00+00:00,sylhet,cust|sylhet|low
C000009,customer,2019-11-04 18:00:00+00:00,sylhet,cust|sylhet|mid
C000010,customer,2021-09-21 18:00:00+00:00,rajshahi,cust|rajshahi|high
C000011,customer,2019-11-26 18:00:00+00:00,sylhet,cust|sylhet|low
C000012,customer,2025-09-07 18:00:00+00:00,dhaka,cust|dhaka|mid
C000013,customer,2023-11-26 18:00:00+00:00,chattogram,cust|chattogram|mid
C000014,customer,2023-02-15 18:00:00+00:00,chattogram,cust|chattogram|low
C000015,customer,2021-01-01 18:00:00+00:00,barishal,cust|barishal|high
C000016,customer,2022-06-01 18:00:00+00:00,chattogram,cust|chattogram|low
C000017,customer,2019-07-15 18:00:00+00:00,chattogram,cust|chattogram|mid
C000018,customer,2021-04-13 18:00:00+00:00,khulna,cust|khulna|mid
C000019,customer,2026-01-13 18:00:00+00:00,dhaka,cust|dhaka|high
C000020,customer,2019-11-11 18:00:00+00:00,dhaka,cust|dhaka|mid
C000021,customer,2020-10-19 18:00:00+00:00,chattogram,cust|chattogram|low
C000022,customer,2021-12-17 18:00:00+00:00,chattogram,cust|chattogram|low
C000023,customer,2021-09-21 18:00:00+00:00,dhaka,cust|dhaka|mid
C000024,customer,2026-01-17 18:00:00+00:00,chattogram,cust|chattogram|mid
C000025,customer,2026-01-29 18:00:00+00:00,chattogram,cust|chattogram|mid
C000026,customer,2024-07-08 18:00:00+00:00,dhaka,cust|dhaka|mid
C000027,customer,2023-03-14 18:00:00+00:00,chattogram,cust|chattogram|mid
C000028,customer,2026-01-13 18:00:00+00:00,rajshahi,cust|rajshahi|mid
C000029,customer,2022-08-16 18:00:00+00:00,dhaka,cust|dhaka|low
C000030,customer,2023-01-14 18:00:00+00:00,rangpur,cust|rangpur|low
C000031,customer,2022-01-25 18:00:00+00:00,rangpur,cust|rangpur|mid
C000032,customer,2020-12-29 18:00:00+00:00,chattogram,cust|chattogram|low
C000033,customer,2026-02-05 18:00:00+00:00,dhaka,cust|dhaka|mid
C000034,customer,2023-03-18 18:00:00+00:00,chattogram,cust|chattogram|mid
C000035,customer,2025-11-30 18:00:00+00:00,barishal,cust|barishal|mid
C000036,customer,2024-03-13 18:00:00+00:00,rajshahi,cust|rajshahi|low
C000037,customer,2019-01-31 18:00:00+00:00,sylhet,cust|sylhet|low
C000038,customer,2020-04-17 18:00:00+00:00,chattogram,cust|chattogram|high
C000039,customer,2022-07-05 18:00:00+00:00,khulna,cust|khulna|low
C000040,customer,2020-12-15 18:00:00+00:00,dhaka,cust|dhaka|low
C000041,customer,2022-02-12 18:00:00+00:00,sylhet,cust|sylhet|high
C000042,customer,2019-09-08 18:00:00+00:00,dhaka,cust|dhaka|mid
C000043,customer,2019-12-04 18:00:00+00:00,rajshahi,cust|rajshahi|high
C000044,customer,2022-11-27 18:00:00+00:00,barishal,cust|barishal|mid
C000045,customer,2022-04-20 18:00:00+00:00,dhaka,cust|dhaka|mid
C000046,customer,2024-08-26 18:00:00+00:00,khulna,cust|khulna|mid
C000047,customer,2020-07-22 18:00:00+00:00,dhaka,cust|dhaka|mid
C000048,customer,2021-07-07 18:00:00+00:00,rajshahi,cust|rajshahi|high
C000049,customer,2020-05-06 18:00:00+00:00,dhaka,cust|dhaka|high
C000050,customer,2024-04-20 18:00:00+00:00,rangpur,cust|rangpur|low
C000051,customer,2023-09-24 18:00:00+00:00,dhaka,cust|dhaka|mid
C000052,customer,2022-10-27 18:00:00+00:00,mymensingh,cust|mymensingh|high
C000053,customer,2023-05-29 18:00:00+00:00,sylhet,cust|sylhet|high
C000054,customer,2021-04-20 18:00:00+00:00,khulna,cust|khulna|low
C000055,customer,2024-03-11 18:00:00+00:00,sylhet,cust|sylhet|high
C000056,customer,2023-12-19 18:00:00+00:00,sylhet,cust|sylhet|high
C000057,customer,2025-03-03 18:00:00+00:00,rangpur,cust|rangpur|high
C000058,customer,2020-02-19 18:00:00+00:00,dhaka,cust|dhaka|low
C000059,customer,2020-03-06 18:00:00+00:00,khulna,cust|khulna|low
C000060,customer,2020-07-20 18:00:00+00:00,dhaka,cust|dhaka|mid
C000061,customer,2022-05-21 18:00:00+00:00,khulna,cust|khulna|low
C000062,customer,2022-07-25 18:00:00+00:00,dhaka,cust|dhaka|low
C000063,customer,2019-08-28 18:00:00+00:00,khulna,cust|khulna|low
C000064,customer,2025-08-29 18:00:00+00:00,khulna,cust|khulna|low
C000065,customer,2023-06-27 18:00:00+00:00,chattogram,cust|chattogram|mid
C000066,customer,2026-02-02 18:00:00+00:00,chattogram,cust|chattogram|low
C000067,customer,2023-06-21 18:00:00+00:00,sylhet,cust|sylhet|high
C000068,customer,2021-09-11 18:00:00+00:00,sylhet,cust|sylhet|mid
C000069,customer,2022-11-22 18:00:00+00:00,chattogram,cust|chattogram|high
C000070,customer,2024-11-03 18:00:00+00:00,khulna,cust|khulna|mid
C000071,customer,2021-11-07 18:00:00+00:00,rangpur,cust|rangpur|mid
C000072,customer,2020-08-11 18:00:00+00:00,dhaka,cust|dhaka|mid
C000073,customer,2020-11-01 18:00:00+00:00,dhaka,cust|dhaka|high
C000074,customer,2026-02-06 18:00:00+00:00,dhaka,cust|dhaka|mid
C000075,customer,2019-07-24 18:00:00+00:00,rajshahi,cust|rajshahi|mid
C000076,customer,2024-09-28 18:00:00+00:00,chattogram,cust|chattogram|mid
C000077,customer,2025-02-17 18:00:00+00:00,sylhet,cust|sylhet|mid
C000078,customer,2020-11-15 18:00:00+00:00,rajshahi,cust|rajshahi|mid
C000079,customer,2022-07-14 18:00:00+00:00,dhaka,cust|dhaka|high
C000080,customer,2023-01-28 18:00:00+00:00,rangpur,cust|rangpur|mid
C000081,customer,2025-04-18 18:00:00+00:00,sylhet,cust|sylhet|mid
C000082,customer,2021-04-06 18:00:00+00:00,dhaka,cust|dhaka|high
C000083,customer,2020-03-01 18:00:00+00:00,chattogram,cust|chattogram|high
C000084,customer,2023-05-30 18:00:00+00:00,dhaka,cust|dhaka|mid
C000085,customer,2025-10-28 18:00:00+00:00,dhaka,cust|dhaka|low
C000086,customer,2022-02-02 18:00:00+00:00,dhaka,cust|dhaka|mid
C000087,customer,2021-05-09 18:00:00+00:00,rangpur,cust|rangpur|low
C000088,customer,2024-10-23 18:00:00+00:00,chattogram,cust|chattogram|high
C000089,customer,2024-05-11 18:00:00+00:00,chattogram,cust|chattogram|mid
C000090,customer,2025-06-26 18:00:00+00:00,rajshahi,cust|rajshahi|high
C000091,customer,2022-01-22 18:00:00+00:00,khulna,cust|khulna|low
C000092,customer,2026-02-01 18:00:00+00:00,rangpur,cust|rangpur|low
C000093,customer,2023-11-29 18:00:00+00:00,sylhet,cust|sylhet|mid
C000094,customer,2023-05-29 18:00:00+00:00,chattogram,cust|chattogram|mid
C000095,customer,2021-02-11 18:00:00+00:00,chattogram,cust|chattogram|low
C000096,customer,2026-01-23 18:00:00+00:00,mymensingh,cust|mymensingh|mid
C000097,customer,2023-12-19 18:00:00+00:00,rajshahi,cust|rajshahi|high
C000098,customer,2020-03-21 18:00:00+00:00,mymensingh,cust|mymensingh|mid
C000099,customer,2025-09-20 18:00:00+00:00,dhaka,cust|dhaka|high
C000100,customer,2026-01-08 18:00:00+00:00,barishal,cust|barishal|mid
C000101,customer,2024-10-28 18:00:00+00:00,khulna,cust|khulna|high
C000102,customer,2019-09-26 18:00:00+00:00,dhaka,cust|dhaka|mid
C000103,customer,2022-08-28 18:00:00+00:00,khulna,cust|khulna|low
C000104,customer,2026-02-06 18:00:00+00:00,rajshahi,cust|rajshahi|mid
C000105,customer,2019-05-31 18:00:00+00:00,dhaka,cust|dhaka|mid
C000106,customer,2025-03-07 18:00:00+00:00,chattogram,cust|chattogram|low
C000107,customer,2023-04-14 18:00:00+00:00,barishal,cust|barishal|mid
C000108,customer,2024-08-31 18:00:00+00:00,dhaka,cust|dhaka|low
C000109,customer,2023-10-10 18:00:00+00:00,chattogram,cust|chattogram|high
C000110,customer,2024-03-02 18:00:00+00:00,chattogram,cust|chattogram|mid
C000111,customer,2022-02-21 18:00:00+00:00,dhaka,cust|dhaka|mid
C000112,customer,2026-01-13 18:00:00+00:00,rangpur,cust|rangpur|mid
C000113,customer,2021-05-08 18:00:00+00:00,sylhet,cust|sylhet|mid
C000114,customer,2019-09-18 18:00:00+00:00,dhaka,cust|dhaka|mid
C000115,customer,2020-08-20 18:00:00+00:00,mymensingh,cust|mymensingh|low
C000116,customer,2025-07-04 18:00:00+00:00,barishal,cust|barishal|low
C000117,customer,2023-02-18 18:00:00+00:00,dhaka,cust|dhaka|mid
C000118,customer,2022-06-01 18:00:00+00:00,barishal,cust|barishal|mid
C000119,customer,2025-05-19 18:00:00+00:00,dhaka,cust|dhaka|high
C000120,customer,2024-06-10 18:00:00+00:00,mymensingh,cust|mymensingh|high
C000121,customer,2024-04-09 18:00:00+00:00,rajshahi,cust|rajshahi|high
C000122,customer,2025-11-12 18:00:00+00:00,rajshahi,cust|rajshahi|low
C000123,customer,2021-05-17 18:00:00+00:00,dhaka,cust|dhaka|mid
C000124,customer,2020-11-17 18:00:00+00:00,rangpur,cust|rangpur|mid
C000125,customer,2021-08-11 18:00:00+00:00,dhaka,cust|dhaka|high
C000126,customer,2020-03-15 18:00:00+00:00,dhaka,cust|dhaka|high
C000127,customer,2022-12-07 18:00:00+00:00,dhaka,cust|dhaka|high
C000128,customer,2019-07-27 18:00:00+00:00,sylhet,cust|sylhet|mid
C000129,customer,2020-03-16 18:00:00+00:00,dhaka,cust|dhaka|low
C000130,customer,2025-01-17 18:00:00+00:00,rangpur,cust|rangpur|mid
C000131,customer,2019-05-31 18:00:00+00:00,rajshahi,cust|rajshahi|low
C000132,customer,2024-08-24 18:00:00+00:00,dhaka,cust|dhaka|mid
C000133,customer,2021-03-18 18:00:00+00:00,dhaka,cust|dhaka|mid
C000134,customer,2020-08-14 18:00:00+00:00,dhaka,cust|dhaka|high
C000135,customer,2024-10-12 18:00:00+00:00,khulna,cust|khulna|mid
C000136,customer,2018-11-20 18:00:00+00:00,sylhet,cust|sylhet|low
C000137,customer,2019-05-12 18:00:00+00:00,dhaka,cust|dhaka|mid
C000138,customer,2026-01-20 18:00:00+00:00,barishal,cust|barishal|low
C000139,customer,2021-03-11 18:00:00+00:00,dhaka,cust|dhaka|mid
C000140,customer,2024-07-05 18:00:00+00:00,sylhet,cust|sylhet|mid
C000141,customer,2023-08-24 18:00:00+00:00,rangpur,cust|rangpur|mid
C000142,customer,2019-02-24 18:00:00+00:00,sylhet,cust|sylhet|mid
C000143,customer,2026-02-01 18:00:00+00:00,rajshahi,cust|rajshahi|low
C000144,customer,2019-10-24 18:00:00+00:00,barishal,cust|barishal|low
C000145,customer,2021-10-08 18:00:00+00:00,dhaka,cust|dhaka|mid
C000146,customer,2020-04-01 18:00:00+00:00,dhaka,cust|dhaka|low
C000147,customer,2022-07-19 18:00:00+00:00,dhaka,cust|dhaka|low
C000148,customer,2022-05-19 18:00:00+00:00,chattogram,cust|chattogram|mid
C000149,customer,2022-04-27 18:00:00+00:00,sylhet,cust|sylhet|high
C000150,customer,2022-07-31 18:00:00+00:00,khulna,cust|khulna|mid
C000151,customer,2025-07-17 18:00:00+00:00,barishal,cust|barishal|low
C000152,customer,2026-01-01 18:00:00+00:00,dhaka,cust|dhaka|mid
C000153,customer,2025-09-09 18:00:00+00:00,sylhet,cust|sylhet|low
C000154,customer,2026-01-09 18:00:00+00:00,dhaka,cust|dhaka|mid
C000155,customer,2020-12-11 18:00:00+00:00,dhaka,cust|dhaka|low
C000156,customer,2020-06-26 18:00:00+00:00,rajshahi,cust|rajshahi|low
C000157,customer,2025-01-08 18:00:00+00:00,mymensingh,cust|mymensingh|low
C000158,customer,2021-08-24 18:00:00+00:00,khulna,cust|khulna|mid
C000159,customer,2019-08-16 18:00:00+00:00,dhaka,cust|dhaka|low
C000160,customer,2019-06-23 18:00:00+00:00,khulna,cust|khulna|mid
C000161,customer,2020-08-19 18:00:00+00:00,dhaka,cust|dhaka|low
C000162,customer,2021-12-04 18:00:00+00:00,rangpur,cust|rangpur|high
C000163,customer,2022-05-28 18:00:00+00:00,rajshahi,cust|rajshahi|mid
C000164,customer,2024-11-04 18:00:00+00:00,dhaka,cust|dhaka|low
C000165,customer,2020-10-06 18:00:00+00:00,dhaka,cust|dhaka|low
C000166,customer,2021-06-13 18:00:00+00:00,dhaka,cust|dhaka|low
C000167,customer,2020-05-29 18:00:00+00:00,mymensingh,cust|mymensingh|mid
C000168,customer,2020-04-15 18:00:00+00:00,chattogram,cust|chattogram|mid
C000169,customer,2021-12-22 18:00:00+00:00,sylhet,cust|sylhet|low
C000170,customer,2022-08-24 18:00:00+00:00,khulna,cust|khulna|low
C000171,customer,2022-01-04 18:00:00+00:00,khulna,cust|khulna|low
C000172,customer,2020-05-03 18:00:00+00:00,dhaka,cust|dhaka|high
C000173,customer,2021-10-14 18:00:00+00:00,rangpur,cust|rangpur|low
C000174,customer,2019-05-08 18:00:00+00:00,dhaka,cust|dhaka|low
C000175,customer,2024-10-26 18:00:00+00:00,khulna,cust|khulna|high
C000176,customer,2025-05-23 18:00:00+00:00,rajshahi,cust|rajshahi|high
C000177,customer,2024-08-07 18:00:00+00:00,rajshahi,cust|rajshahi|low
C000178,customer,2020-06-26 18:00:00+00:00,rangpur,cust|rangpur|low
C000179,customer,2019-04-22 18:00:00+00:00,dhaka,cust|dhaka|mid
C000180,customer,2021-10-08 18:00:00+00:00,chattogram,cust|chattogram|low
C000181,customer,2023-08-27 18:00:00+00:00,chattogram,cust|chattogram|low
C000182,customer,2025-07-03 18:00:00+00:00,chattogram,cust|chattogram|mid
C000183,customer,2020-04-26 18:00:00+00:00,dhaka,cust|dhaka|high
C000184,customer,2022-02-20 18:00:00+00:00,dhaka,cust|dhaka|low
C000185,customer,2020-10-12 18:00:00+00:00,dhaka,cust|dhaka|mid
C000186,customer,2024-03-26 18:00:00+00:00,dhaka,cust|dhaka|high
C000187,customer,2021-01-19 18:00:00+00:00,chattogram,cust|chattogram|high
C000188,customer,2023-03-15 18:00:00+00:00,khulna,cust|khulna|low
C000189,customer,2022-07-29 18:00:00+00:00,khulna,cust|khulna|mid
C000190,customer,2020-10-11 18:00:00+00:00,chattogram,cust|chattogram|high
C000191,customer,2024-07-18 18:00:00+00:00,chattogram,cust|chattogram|low
C000192,customer,2026-02-06 18:00:00+00:00,dhaka,cust|dhaka|high
C000193,customer,2020-11-07 18:00:00+00:00,khulna,cust|khulna|low
C000194,customer,2023-07-28 18:00:00+00:00,dhaka,cust|dhaka|mid
C000195,customer,2024-10-24 18:00:00+00:00,dhaka,cust|dhaka|mid
C000196,customer,2026-02-03 18:00:00+00:00,chattogram,cust|chattogram|low
C000197,customer,2024-10-07 18:00:00+00:00,chattogram,cust|chattogram|low
C000198,customer,2021-02-24 18:00:00+00:00,dhaka,cust|dhaka|mid
C000199,customer,2022-04-29 18:00:00+00:00,khulna,cust|khulna|high
C000200,customer,2024-04-02 18:00:00+00:00,khulna,cust|khulna|mid
C000201,customer,2026-02-05 18:00:00+00:00,rajshahi,cust|rajshahi|mid
C000202,customer,2020-02-02 18:00:00+00:00,rajshahi,cust|rajshahi|mid
C000203,customer,2021-02-07 18:00:00+00:00,rajshahi,cust|rajshahi|low
C000204,customer,2021-08-30 18:00:00+00:00,dhaka,cust|dhaka|mid
C000205,customer,2021-04-27 18:00:00+00:00,sylhet,cust|sylhet|mid
C000206,customer,2020-02-13 18:00:00+00:00,khulna,cust|khulna|high
C000207,customer,2021-04-14 18:00:00+00:00,chattogram,cust|chattogram|mid
C000208,customer,2025-02-17 18:00:00+00:00,khulna,cust|khulna|low
C000209,customer,2021-04-24 18:00:00+00:00,chattogram,cust|chattogram|mid
C000210,customer,2023-08-13 18:00:00+00:00,chattogram,cust|chattogram|mid
C000211,customer,2024-06-05 18:00:00+00:00,sylhet,cust|sylhet|low
C000212,customer,2024-05-17 18:00:00+00:00,rangpur,cust|rangpur|mid
C000213,customer,2019-11-23 18:00:00+00:00,rangpur,cust|rangpur|mid
C000214,customer,2020-08-17 18:00:00+00:00,chattogram,cust|chattogram|low
C000215,customer,2021-05-16 18:00:00+00:00,chattogram,cust|chattogram|mid
C000216,customer,2022-11-19 18:00:00+00:00,sylhet,cust|sylhet|mid
C000217,customer,2019-02-12 18:00:00+00:00,dhaka,cust|dhaka|high
C000218,customer,2021-02-14 18:00:00+00:00,barishal,cust|barishal|low
C000219,customer,2021-03-25 18:00:00+00:00,chattogram,cust|chattogram|low
C000220,customer,2018-12-15 18:00:00+00:00,dhaka,cust|dhaka|low
C000221,customer,2024-05-17 18:00:00+00:00,dhaka,cust|dhaka|low
C000222,customer,2025-06-03 18:00:00+00:00,barishal,cust|barishal|low
C000223,customer,2020-12-19 18:00:00+00:00,dhaka,cust|dhaka|mid
C000224,customer,2021-04-09 18:00:00+00:00,dhaka,cust|dhaka|low
C000225,customer,2020-12-18 18:00:00+00:00,dhaka,cust|dhaka|low
C000226,customer,2023-05-11 18:00:00+00:00,dhaka,cust|dhaka|low
C000227,customer,2021-02-23 18:00:00+00:00,dhaka,cust|dhaka|low
C000228,customer,2019-12-04 18:00:00+00:00,sylhet,cust|sylhet|high
C000229,customer,2019-10-21 18:00:00+00:00,dhaka,cust|dhaka|mid
C000230,customer,2022-11-11 18:00:00+00:00,barishal,cust|barishal|mid
C000231,customer,2019-08-17 18:00:00+00:00,barishal,cust|barishal|low
C000232,customer,2020-11-04 18:00:00+00:00,chattogram,cust|chattogram|low
C000233,customer,2021-05-23 18:00:00+00:00,dhaka,cust|dhaka|mid
C000234,customer,2022-04-25 18:00:00+00:00,khulna,cust|khulna|mid
C000235,customer,2023-05-06 18:00:00+00:00,dhaka,cust|dhaka|low
C000236,customer,2023-12-31 18:00:00+00:00,chattogram,cust|chattogram|mid
C000237,customer,2024-05-13 18:00:00+00:00,mymensingh,cust|mymensingh|low
C000238,customer,2024-07-25 18:00:00+00:00,mymensingh,cust|mymensingh|mid
C000239,customer,2024-05-28 18:00:00+00:00,sylhet,cust|sylhet|mid
C000240,customer,2022-12-26 18:00:00+00:00,dhaka,cust|dhaka|mid
C000241,customer,2022-11-02 18:00:00+00:00,rajshahi,cust|rajshahi|high
C000242,customer,2021-11-04 18:00:00+00:00,rajshahi,cust|rajshahi|low
C000243,customer,2023-12-10 18:00:00+00:00,chattogram,cust|chattogram|mid
C000244,customer,2024-12-26 18:00:00+00:00,rajshahi,cust|rajshahi|mid
C000245,customer,2026-01-13 18:00:00+00:00,dhaka,cust|dhaka|mid
C000246,customer,2022-09-24 18:00:00+00:00,dhaka,cust|dhaka|mid
C000247,customer,2024-09-25 18:00:00+00:00,chattogram,cust|chattogram|mid
C000248,customer,2022-07-21 18:00:00+00:00,dhaka,cust|dhaka|mid
C000249,customer,2022-10-31 18:00:00+00:00,dhaka,cust|dhaka|high
C000250,customer,2024-09-27 18:00:00+00:00,barishal,cust|barishal|mid
C000251,customer,2023-06-26 18:00:00+00:00,mymensingh,cust|mymensingh|mid
C000252,customer,2024-11-15 18:00:00+00:00,khulna,cust|khulna|low
C000253,customer,2024-10-14 18:00:00+00:00,barishal,cust|barishal|mid
C000254,customer,2023-09-10 18:00:00+00:00,mymensingh,cust|mymensingh|low
C000255,customer,2021-06-05 18:00:00+00:00,dhaka,cust|dhaka|high
C000256,customer,2025-08-30 18:00:00+00:00,chattogram,cust|chattogram|high
C000257,customer,2022-03-11 18:00:00+00:00,chattogram,cust|chattogram|mid
C000258,customer,2019-06-22 18:00:00+00:00,dhaka,cust|dhaka|low
C000259,customer,2019-05-12 18:00:00+00:00,sylhet,cust|sylhet|low
C000260,customer,2025-08-10 18:00:00+00:00,chattogram,cust|chattogram|high
C000261,customer,2021-05-21 18:00:00+00:00,chattogram,cust|chattogram|mid
C000262,customer,2021-04-30 18:00:00+00:00,dhaka,cust|dhaka|mid
C000263,customer,2018-11-25 18:00:00+00:00,dhaka,cust|dhaka|high
C000264,customer,2020-08-10 18:00:00+00:00,rangpur,cust|rangpur|mid
C000265,customer,2021-02-20 18:00:00+00:00,dhaka,cust|dhaka|high
C000266,customer,2022-08-05 18:00:00+00:00,dhaka,cust|dhaka|mid
C000267,customer,2020-03-09 18:00:00+00:00,dhaka,cust|dhaka|high
C000268,customer,2025-09-19 18:00:00+00:00,chattogram,cust|chattogram|mid
C000269,customer,2025-10-22 18:00:00+00:00,khulna,cust|khulna|mid
C000270,customer,2020-01-08 18:00:00+00:00,chattogram,cust|chattogram|mid
C000271,customer,2024-08-29 18:00:00+00:00,dhaka,cust|dhaka|low
C000272,customer,2023-02-01 18:00:00+00:00,dhaka,cust|dhaka|high
C000273,customer,2021-01-21 18:00:00+00:00,barishal,cust|barishal|mid
C000274,customer,2020-08-28 18:00:00+00:00,khulna,cust|khulna|mid
C000275,customer,2020-06-18 18:00:00+00:00,rajshahi,cust|rajshahi|mid
C000276,customer,2020-03-27 18:00:00+00:00,rajshahi,cust|rajshahi|low
C000277,customer,2022-05-13 18:00:00+00:00,sylhet,cust|sylhet|mid
C000278,customer,2026-01-24 18:00:00+00:00,dhaka,cust|dhaka|high
C000279,customer,2024-03-13 18:00:00+00:00,chattogram,cust|chattogram|mid
C000280,customer,2019-05-28 18:00:00+00:00,chattogram,cust|chattogram|low
C000281,customer,2021-09-20 18:00:00+00:00,dhaka,cust|dhaka|mid
C000282,customer,2022-08-05 18:00:00+00:00,barishal,cust|barishal|high
C000283,customer,2022-10-22 18:00:00+00:00,chattogram,cust|chattogram|mid
C000284,customer,2019-09-12 18:00:00+00:00,sylhet,cust|sylhet|low
C000285,customer,2019-09-27 18:00:00+00:00,barishal,cust|barishal|high
C000286,customer,2019-10-14 18:00:00+00:00,chattogram,cust|chattogram|mid
C000287,customer,2023-08-22 18:00:00+00:00,rangpur,cust|rangpur|mid
C000288,customer,2024-07-31 18:00:00+00:00,khulna,cust|khulna|mid
C000289,customer,2023-07-08 18:00:00+00:00,barishal,cust|barishal|high
C000290,customer,2020-06-04 18:00:00+00:00,chattogram,cust|chattogram|low
C000291,customer,2024-03-12 18:00:00+00:00,chattogram,cust|chattogram|high
C000292,customer,2021-09-24 18:00:00+00:00,chattogram,cust|chattogram|mid
C000293,customer,2019-09-28 18:00:00+00:00,dhaka,cust|dhaka|mid
C000294,customer,2019-01-07 18:00:00+00:00,chattogram,cust|chattogram|mid
C000295,customer,2022-07-01 18:00:00+00:00,rangpur,cust|rangpur|mid
C000296,customer,2020-03-23 18:00:00+00:00,khulna,cust|khulna|high
C000297,customer,2025-06-03 18:00:00+00:00,dhaka,cust|dhaka|low
C000298,customer,2021-05-06 18:00:00+00:00,dhaka,cust|dhaka|low
C000299,customer,2023-09-25 18:00:00+00:00,dhaka,cust|dhaka|mid
C000300,customer,2019-11-26 18:00:00+00:00,dhaka,cust|dhaka|mid
C000301,customer,2022-08-09 18:00:00+00:00,rangpur,cust|rangpur|mid
C000302,customer,2026-01-29 18:00:00+00:00,chattogram,cust|chattogram|mid
C000303,customer,2022-10-29 18:00:00+00:00,dhaka,cust|dhaka|mid
C000304,customer,2020-10-22 18:00:00+00:00,khulna,cust|khulna|mid
C000305,customer,2023-04-20 18:00:00+00:00,dhaka,cust|dhaka|mid
C000306,customer,2020-01-04 18:00:00+00:00,dhaka,cust|dhaka|low
C000307,customer,2025-11-12 18:00:00+00:00,rajshahi,cust|rajshahi|mid
C000308,customer,2019-08-13 18:00:00+00:00,khulna,cust|khulna|high
C000309,customer,2023-09-11 18:00:00+00:00,mymensingh,cust|mymensingh|low
C000310,customer,2020-03-29 18:00:00+00:00,khulna,cust|khulna|mid
C000311,customer,2025-07-10 18:00:00+00:00,chattogram,cust|chattogram|low
C000312,customer,2019-07-16 18:00:00+00:00,sylhet,cust|sylhet|mid
C000313,customer,2023-10-17 18:00:00+00:00,rangpur,cust|rangpur|low
C000314,customer,2019-04-16 18:00:00+00:00,rajshahi,cust|rajshahi|low
C000315,customer,2022-05-12 18:00:00+00:00,mymensingh,cust|mymensingh|mid
C000316,customer,2019-11-20 18:00:00+00:00,sylhet,cust|sylhet|mid
C000317,customer,2019-05-09 18:00:00+00:00,barishal,cust|barishal|low
C000318,customer,2025-10-04 18:00:00+00:00,dhaka,cust|dhaka|mid
C000319,customer,2022-01-04 18:00:00+00:00,sylhet,cust|sylhet|high
C000320,customer,2019-11-17 18:00:00+00:00,chattogram,cust|chattogram|high
C000321,customer,2024-10-04 18:00:00+00:00,khulna,cust|khulna|mid
C000322,customer,2019-05-27 18:00:00+00:00,rajshahi,cust|rajshahi|mid
C000323,customer,2022-05-11 18:00:00+00:00,mymensingh,cust|mymensingh|high
C000324,customer,2022-05-07 18:00:00+00:00,mymensingh,cust|mymensingh|high
C000325,customer,2022-03-23 18:00:00+00:00,dhaka,cust|dhaka|high
C000326,customer,2021-12-21 18:00:00+00:00,sylhet,cust|sylhet|low
C000327,customer,2026-01-15 18:00:00+00:00,sylhet,cust|sylhet|mid
C000328,customer,2019-01-03 18:00:00+00:00,chattogram,cust|chattogram|mid
C000329,customer,2023-10-01 18:00:00+00:00,dhaka,cust|dhaka|low
C000330,customer,2026-01-21 18:00:00+00:00,dhaka,cust|dhaka|mid
C000331,customer,2024-03-01 18:00:00+00:00,sylhet,cust|sylhet|high
C000332,customer,2025-01-16 18:00:00+00:00,chattogram,cust|chattogram|mid
C000333,customer,2025-11-20 18:00:00+00:00,mymensingh,cust|mymensingh|high
C000334,customer,2021-03-06 18:00:00+00:00,chattogram,cust|chattogram|mid
C000335,customer,2022-03-09 18:00:00+00:00,mymensingh,cust|mymensingh|mid
C000336,customer,2021-03-03 18:00:00+00:00,chattogram,cust|chattogram|mid
C000337,customer,2023-10-29 18:00:00+00:00,sylhet,cust|sylhet|low
C000338,customer,2020-09-07 18:00:00+00:00,dhaka,cust|dhaka|low
C000339,customer,2025-05-27 18:00:00+00:00,khulna,cust|khulna|high
C000340,customer,2023-11-10 18:00:00+00:00,sylhet,cust|sylhet|high
C000341,customer,2022-07-16 18:00:00+00:00,rangpur,cust|rangpur|low
C000342,customer,2024-07-24 18:00:00+00:00,barishal,cust|barishal|high
C000343,customer,2020-12-18 18:00:00+00:00,dhaka,cust|dhaka|mid
C000344,customer,2022-11-03 18:00:00+00:00,chattogram,cust|chattogram|mid
C000345,customer,2021-01-02 18:00:00+00:00,dhaka,cust|dhaka|mid
C000346,customer,2020-02-19 18:00:00+00:00,dhaka,cust|dhaka|high
C000347,customer,2018-12-14 18:00:00+00:00,rajshahi,cust|rajshahi|mid
C000348,customer,2021-05-04 18:00:00+00:00,rajshahi,cust|rajshahi|high
C000349,customer,2021-04-17 18:00:00+00:00,sylhet,cust|sylhet|mid
C000350,customer,2019-10-05 18:00:00+00:00,barishal,cust|barishal|mid
C000351,customer,2019-02-05 18:00:00+00:00,sylhet,cust|sylhet|low
C000352,customer,2019-11-22 18:00:00+00:00,sylhet,cust|sylhet|high
C000353,customer,2023-10-04 18:00:00+00:00,dhaka,cust|dhaka|mid
C000354,customer,2020-01-20 18:00:00+00:00,dhaka,cust|dhaka|mid
C000355,customer,2025-04-08 18:00:00+00:00,khulna,cust|khulna|low
C000356,customer,2023-04-01 18:00:00+00:00,barishal,cust|barishal|low
C000357,customer,2022-12-04 18:00:00+00:00,dhaka,cust|dhaka|high
C000358,customer,2019-06-17 18:00:00+00:00,chattogram,cust|chattogram|mid
C000359,customer,2024-11-20 18:00:00+00:00,rajshahi,cust|rajshahi|low
C000360,customer,2022-10-10 18:00:00+00:00,dhaka,cust|dhaka|high
C000361,customer,2024-10-14 18:00:00+00:00,chattogram,cust|chattogram|low
C000362,customer,2019-10-22 18:00:00+00:00,rangpur,cust|rangpur|high
C000363,customer,2020-10-29 18:00:00+00:00,rajshahi,cust|rajshahi|mid
C000364,customer,2021-07-02 18:00:00+00:00,dhaka,cust|dhaka|mid
C000365,customer,2021-09-23 18:00:00+00:00,barishal,cust|barishal|high
C000366,customer,2023-03-08 18:00:00+00:00,chattogram,cust|chattogram|low
C000367,customer,2021-10-03 18:00:00+00:00,barishal,cust|barishal|low
C000368,customer,2021-09-18 18:00:00+00:00,dhaka,cust|dhaka|mid
C000369,customer,2024-01-03 18:00:00+00:00,khulna,cust|khulna|mid
C000370,customer,2026-01-10 18:00:00+00:00,chattogram,cust|chattogram|low
